LEGAL_NAME,DOT_NUMBER,POWER_UNITS,FLEETSIZE,TOTAL_DRIVERS,PHY_CITY,PHY_STATE,PHY_STREET,PHY_ZIP,PHONE,EMAIL_ADDRESS
KVP ENERGY SERVICES LLC,2345072,538,T,595.0,ANDREWS,TX,1828 NW AVE F,79714,4325232046.0,fleet@kv-p.com
TNT CRANE & RIGGING INC,1843980,500,T,400.0,HOUSTON,TX,925 SOUTH LOOP WEST,77054,,ariddick@tntcrane.com
PREFERRED PUMP & EQUIPMENT LP,566051,489,T,282.0,FORT WORTH,TX,2201 SCOTT AVENUE,76103,8174132649.0,hwallace@preferredpump.com
WCA WASTE CORPORATION,775195,486,T,349.0,HOUSTON,TX,2050 W SAM HOUSTON PARKWAY S,77042,9843013327.0,smckeel@gflenv.com
MP TECHNOLOGIES LLC,1079468,485,T,476.0,CYPRESS,TX,14140 CYPRESS NORTH HOUSTON,77429,3209632416.0,mike.lambrecht@mpnexlevel.us
INGRAM CONCRETE LLC,1988441,484,T,351.0,EULESS,TX,331 NORTH MAIN STREET,76039,,gonzalesrol@vmcmail.com
ELLIOTT ELECTRIC SUPPLY INC,502385,479,T,465.0,NACOGDOCHES,TX,2526 NORTH STALLINGS DRIVE,75964,9365691184.0,VERTISTHACKER@ELLIOTTELECTRIC.COM
48FORTY SOLUTIONS LLC,1200996,462,T,435.0,HOUSTON,TX,11740 KATY FREEWAY SUITE 1200,77079,8662754840.0,andrew.gerrard@48Forty.com
REDDY ICE LLC,423998,461,T,555.0,DALLAS,TX,5710 LBJ FREEWAY SUITE 300,75240,2142135693.0,lMILLS@REDDYICE.COM
CROSS INTEGRATED TRANSPORT LLC,2195271,461,T,420.0,DALHART,TX,3263 FM 297,79022,8064781427.0,EMILIO@AGRILOGICS.NET
TEXAS INTERNATIONAL ENTERPRISES INC,2196912,448,T,442.0,LAREDO,TX,13522 EVOLUTION LOOP,78045,9564412501.0,OSCAR.GOMEZ@TEXASIE.COM    GOMEZ@TEXASIE.COM
SPIRIT TRUCK LINES LLC,437028,446,T,218.0,SAN JUAN,TX,200 WEST NOLANA,78589,,jdgarza@spirittrucklines.com
ATMOS ENERGY CORPORATION,216478,441,T,845.0,DALLAS,TX,5430 LYNDON B JOHNSON FREEWAY 1800,75240,9728553028.0,Brian.perez@atmosEnergy.com
COPART CATASTROPHE RESPONSE FLEET LLC,2869944,435,T,307.0,DALLAS,TX,14185 DALLAS PKWY STE 300,75254,2144326074.0,CARRIE.DEPEW@COPART.COM
CEBRIDGE ACQUISITION LP,1540537,432,T,440.0,TYLER,TX,1820 S SW LOOP 323,75701,9034955598.0,brandi.harlan@alticeusa.com
AGGREGATE HAULERS I L P,1021485,429,T,429.0,NEW BRAUNFELS,TX,4772 FM 482,78132,2104925501.0,POLIVAREZ@AHLP.COM
GLAZER'S BEER AND BEVERAGE LLC,2892687,428,T,350.0,DALLAS,TX,14911 QUORUM DR SUITE 200,75254,9723928090.0,cody.renfro@glazersbeer.com
CONTINENTAL BATTERY COMPANY,194390,419,T,439.0,DALLAS,TX,8585 N STEMMONS FWY STE 600S,75247,4694580884.0,afinman@gocbs.com
RESA POWER SERVICE LLC,2491903,404,T,300.0,HOUSTON,TX,8723 FALLBROOK DR,77064,9799970363.0,VALER.BANUSHI@RESAPOWER.COM
VSS TRANSPORTATION GROUP INC,2545275,400,S,351.0,CARROLLTON,TX,1325 W BELT LINE RD,75006,,verify@vsstg.com
PEAK RENTALS LLC,2439611,390,S,237.0,GAINESVILLE,TX,3333 N I-35 STE 200,76240,9402845997.0,jpittmon@rentpeak.com
FREIGHTSOL LLC,2154826,381,S,317.0,LAREDO,TX,12115 DOC ADAMS,78045,9564138050.0,ARAMOS@FREIGHTSOL.NET
GOODMAN DISTRIBUTION INC,982705,377,S,375.0,WALLER,TX,19001 KERMIER RD,77484,7132612500.0,MELVIN.SONNIER@GOODMANMFG.COM
OLDCASTLE BUILDINGENVELOPE INC,9047,369,S,351.0,DALLAS,TX,5430 LBJ FWY STE 900,75240,2142733400.0,fleet@obe.com
SYSCO USA II LLC,165699,366,S,379.0,HOUSTON,TX,1390 ENCLAVE PARKWAY,77077,2815842852.0,DOT.compliance@sysco.com
SOUTHERN MAIL SERVICE INC,172954,361,S,355.0,CONROE,TX,2505 N FRAZIER,77303,9366471260.0,davidm@southernmail.com
YELLOWJACKET OILFIELD SERVICES,6745353,357,S,196.0,KILGORE,TX,620 FOUR S INDUSTRIAL BLVD,75662-5292,9037475184.0,CBARTRAM@YJOSLLC.COM
YJOS LLC,2400038,357,S,196.0,KILGORE,TX,620 FOUR S INDUSTRIAL BLVD,75662-5292,9037475184.0,cbartram@yjosllc.com
SPG TRANSPORTATION INC,2881143,357,S,357.0,GRAND PRAIRIE,TX,1102 AVENUE R,75050,9099930997.0,dispatch@spgtrans.com
"RAIDER EXPRESS, INC",6801581,355,S,740.0,FORT WORTH,TX,12544 NW HWY 287,76052,8002341534.0,chaddavis@raiderexpress.com
WARREN POWER & MACHINERY INC,1020540,353,S,320.0,MIDLAND,TX,15 SMITH RD,79705,4325714200.0,david.oleary@warren-equipment.com
RAIDER EXPRESS INC,817781,350,S,350.0,FORT WORTH,TX,12544 NW HWY 287,76052,8002341534.0,chaddavis@RAIDEREXPRESS.COM
JUST IN TIME CARGO INC,2129045,348,S,590.0,FORT WORTH,TX,15825 W TRINITY BLVD,76155,,gabriel@jitclogistics.com
ANGULO TRANSPORTATION SERVICE LLC,2477493,346,S,195.0,LAREDO,TX,216 PINTO VALLE,78045,9564897078.0,hector@angulotransportation.com
ENTERGY TEXAS INC,1721844,345,S,227.0,BEAUMONT,TX,60 N 11TH ST,77703,5013796817.0,fleetsupportcenter@entergy.com
KINDER MORGAN INC,430031,341,S,160.0,HOUSTON,TX,1001 LOUISIANA STE 1000,77002,3039147789.0,dennis_vallianos@kindermorgan.com
TITUS TRANSPORT HOLDINGS LLC,1832220,335,S,350.0,DENTON,TX,2800 SHORELINE DRIVE,76210,,markw@titustrans.com
HULCHER SERVICES INC,78783,332,S,317.0,DENTON,TX,611 KIMBERLY DR STE 101,76208-6385,9408989608.0,dot@hulcher.com
XLR8 DELIVERY INC,2926913,331,S,272.0,HOUSTON,TX,1310 E RICHEY RD,77073,2817842302.0,abraddick@xlr8delivery.com
SELECT DEDICATED SOLUTIONS LLC,1877140,329,S,658.0,LAREDO,TX,12375 MINES RD,78045,9567909090.0,safety@selectds.net
RUSSELL TRANSPORT INC,515580,329,S,304.0,EL PASO,TX,12365 PINE SPRINGS,79928,9155421495.0,RABDELJABER@RUSSELLTRANSPORT.COM
KIMRAD TRANSPORT LP,1175926,322,S,159.0,AMARILLO,TX,371 WEST LOOP 335 SOUTH,79118,8063317156.0,ptucker@kimrad.com
MULHOLLAND ENERGY SERVICES LLC,2444172,316,S,285.0,MIDLAND,TX,10308 WCR 72,79707,4326954111.0,Steve@mulholland.com
GFL PLANT SERVICES LP,1941213,312,S,252.0,SUGARLAND,TX,16011 W BELLFORT ST,77498,9843013327.0,smckeel@gflenv.com
CHALK MOUNTAIN SERVICES OF TEXAS LLC,345957,308,S,522.0,FORT WORTH,TX,1701 RIVER RUN  SUITE 200,76107,,dserach@cmstx.com
STV INCORPORATED,7838195,305,S,1436.0,FRISCO,TX,5750 GENESIS CT,75034-4163,4695504523.0,TAYLOR.SKINNER@STVINC.COM
DVP TRUCKING LLC,4134572,300,R,300.0,AUSTIN,TX,12501 TECH RIDGE BLVD APT 1228,78753,3129959902.0,TRUCKINGDVP@GMAIL.COM
M&J CARRIERS LLC,2349233,292,R,294.0,LAREDO,TX,14218 BUSINESS AVE,78045,,safety@mjcarriers.com
TEXAS FIRST RENTALS LLC,2594497,287,R,1.0,SAN ANTONIO,TX,5665 SE LOOP 410,78222,,jake.brigman@holtgroup.com
TIMCO LOGISTICS SYSTEMS LLC,1386339,285,R,285.0,WAXAHACHIE,TX,2270 W US HWY 287 BUSINESS,75167,2148027785.0,sperry@gotimco.com
VERIZON BUSINESS,256776,283,R,425.0,IRVING,TX,700 HIDDEN RIDGE MC HQW0BH50,75038,8003869639.0,hayden.parrish@verizon.com
NATIONAL TRENCH SAFETY INC,583798,282,R,158.0,HOUSTON,TX,260 N SAM HOUSTON PKWY E STE 200,77060,8322000988.0,VEHICLES@NTSAFETY.COM
CUSTOM COMMODITIES INC,293238,275,R,258.0,GILMER,TX,408 TRINITY ST,75644,8003453802.0,cdriggers@customcommodities.com
ENERGY SOLUTIONS (US) LLC,9122496,270,R,8.0,THE WOODLANDS,TX,2465 TECHNOLOGY FOREST BLVD,77381,4326855039.0,charles.mccollum@snf.com
"FRONTIER TANK LINES, INC.",8083533,268,R,178.0,MCKINNEY,TX,6850 TPC DR,75070-3145,9726713110.0,safety@frontiertanklines.com
RK SUPPLY,2989303,266,R,230.0,MIDLAND,TX,11400 W CNTY RD 30,79707,4325637900.0,mikelle.farris@rksupply.net
STREAMTECH INC,448601,265,R,235.0,HOUSTON,TX,4550 POST OAK PLACE DRIVE STE #335,77027,7136142705.0,jdaggs@streamtech.com
1884 LINE CO,4098837,264,R,246.0,THE WOODLANDS,TX,3831 TECHNOLOGY FOREST BLVD,77381,2815178900.0,MELINDA.BRANSCUM@KIEWIT.COM
PARKWAY TRANSPORT INC,212550,261,R,256.0,SAN ANTONIO,TX,5711 FM 78,78244,,rios.julian@heb.com
BDG TREES LLC,2558815,257,R,281.0,HOUSTON,TX,2015 AHRENS ST,77017,2813361349.0,SYEPEZ@BDGTREES.COM
FLYING A PUMPING SERVICES LLC,3091334,252,R,131.0,CISCO,TX,14902 I 20 N SERVICE ROAD,76437,2544422200.0,sheryl.weatherford@flyingapumps.com
SOUTHERN TRANSPORT LLC,1465793,250,R,283.0,GLADEWATER,TX,24291 FM 1252,75647,9039868900.0,Jacob@southerntransport.com
HYDRO RESOURCES MID CONTINENT INC,1222048,249,R,263.0,SUNRAY,TX,7531 FM 119,79086,8069484421.0,TGARTNER@HYDRORESOURCES.COM
AXIS POWER LLC,3506772,245,R,199.0,BEAUMONT,TX,4B BAYOUBRANDT,77706,4099262460.0,DWELCH@AXISPOWER.COM
NATIONAL HME INC,2087503,245,R,340.0,IRVING,TX,7651 ESTERS BLVD SUITE 125,75063,8007340831.0,kirk.pound@NATIONALHME.COM
EXPEDITED LOGISTICS AND FREIGHT SERVICES LLC,1240099,244,R,244.0,HOUSTON,TX,3031 EASTVELD DR,77073,2814423323.0,JTWARDOWSKY@ELFSFREIGHT.COM
PALLETIZED TRUCKING INC,152429,243,R,199.0,HOUSTON,TX,2001 COLLINGSWORTH,77009,7132253303.0,DYLONC@PALLETIZED-TRUCKING.COM
TRANCASA USA INC,2020332,243,R,211.0,PHARR,TX,100 S AUSTIN DR,78577-9796,9565587974.0,jachavez@trancasa.com
PINNERGY LTD,853312,241,R,239.0,AUSTIN,TX,2801 VIA FORTUNA SUITE 440,78746,5123438880.0,JRICH@PINNERGY.COM
SILVERTIP COMPLETION SERVICES OPERATING LLC,3053845,240,R,189.0,MIDLAND,TX,9816 W COUNTY ROAD 146,79706,4327701073.0,JOEL.HOLLAND@SILVERTIPCOMPLETIONS.COM
MAX CARGO LLC,3055122,240,R,240.0,MIDLAND,TX,6012 N COUNTY RD 1147,79705,4329676888.0,ROYALTYOGS@GMAIL.COM
D-TROY LOGISTICS LLC,3302039,240,R,450.0,PLANO,TX,5700 TENNYSON PARKWAY SUITE 300,75024,2143153282.0,GENERAL.MANAGER@dtroylogistics.com
RED ZONE COIL TUBING LLC,2269222,239,R,182.0,KILGORE,TX,3308 STATE HWY 135N,75662,2817305126.0,nathan.eller@NINEENERGYSERVICE.COM
A L HELMCAMP INCORPORATED,605143,239,R,88.0,BUFFALO,TX,4120 HWY 79 WEST,75831,,alhjc@alhelmcamp.com
ROYAL FREIGHT LP,959806,238,R,199.0,PHARR,TX,407 WEST SIOUX ROAD,78577,,safety@royalfreight.net
TERRIER TRANSPORTATION INC,694249,237,R,94.0,HOUSTON,TX,4708 FIDELITY ST,77029,7136710204.0,sheila.swain@terriertran.com
FENIX PARTS LLC,2964013,236,R,197.0,HURST,TX,860 AIRPORT FWY #701,76054,8177604570.0,STEVEBARKWELL@FENIXPARTS.COM
CREST PUMPING TECHNOLOGIES LLC,2264972,233,R,325.0,FORT WORTH,TX,6500 WEST FRWY SUITE 601,76116,2817305126.0,nathan.eller@NINEENERGYSERVICE.COM
PRIMARY UTILITY SERVICES LLC,2106680,231,R,107.0,SNYDER,TX,1505 ROGERS ST,79549,3255730707.0,BBROWN@PRIMARYUS.COM
FORGED FIBER 37 SERVICES LLC,4526637,231,R,1143.0,DALLAS,TX,208 S AKARD ST,75202,9724404011.0,MARY.PINDER@FORGEDFIBER37.COM
FREEMAN EXPOSITIONS LLC,73375,230,R,307.0,DALLAS,TX,14221 NORTH DALLAS PKWY #200,75254,4804902472.0,geb.walter@FREEMAN.COM
FJ CARRIER LOGISTICS LLC,3162922,230,R,330.0,LAREDO,TX,13911 COPPER DR,78045,9569625676.0,SAFETY@FJCARRIERLOGISTICS.COM
LARRETT ENERGY SERVICES INC,2265427,226,R,95.0,VENUS,TX,2700 CHAMBERS STREET,76084,2147414042.0,atorres@larrettenergy.com
BRIGHT STAR SOLUTIONS LLC,2283848,223,R,220.0,SOUR LAKE,TX,18788 HWY 105,77659,4092873662.0,monica@bright-star.us
CANO & SONS TRUCKING LLC,994751,222,R,199.0,SAN JUAN,TX,109 WEST DICKER RD,78589,,safety@canoandsonstrucking.com
TANKNOLOGY INC,478701,221,R,293.0,AUSTIN,TX,11000 N MOPAC EXPY SUITE 500,78759,5123807123.0,cperez@TANKNOLOGY.COM
JAX TRANSPORT LLC,1876810,221,R,196.0,AMARILLO,TX,7600 S FM 1541,79118,8063551463.0,cynthia@jaxtrans.net
LIGHTNING OILFIELD SERVICES INC,1782167,219,R,141.0,FT WORTH,TX,11830 NORTH SAGINAW BLVD,76179,8174395558.0,shanna@lightningos.com
TRI -STATE VACUUM AND RENTAL LLC,2954767,217,R,215.0,JOAQUIN,TX,12267 US HWY 84 E,75954,9362482325.0,abby.MASSEY@TRISTATEOILFIELD.COM
BROTHERS PRODUCE OF DALLAS INC,2316812,215,R,241.0,GARLAND,TX,2600 MCCREE RD,75041-3901,2144286666.0,luisc@brothersfoodservice.com
CANO AND SONS TRUCKING LLC,6826897,214,R,369.0,SAN JUAN,TX,109 W DICKER RD,78589-4796,9567028000.0,safety@canoandsonstrucking.com
VERIZON WIRELESS INC,868754,213,R,566.0,IRVING,TX,700 HIDDEN RIDGE MC HQW0BH50,75038,8003869639.0,sonya.schroeder@verizon.com
PATE TRUCKING COMPANY LLC,283481,212,R,214.0,LUBBOCK,TX,4025 112TH STREET,79423,8063687723.0,eric.ellison@patetrucking.com
RK HALL LLC,1386445,211,R,157.0,PARIS,TX,5020 SE LOOP 286,75460,9037159828.0,ashley.price@rk-hall.com
UNIQUE LEASING INC,363676,208,R,202.0,SAN ANTONIO,TX,8755 US HWY 87 E,78263,2106487770.0,rpollok@reynoldsnw.com
FEVID TRANSPORT LLC,2404947,205,R,175.0,FORT WORTH,TX,300 THROCKMORTON STE 300,76102,,hseteam@resourcetransport.com
CRAWFORD ELECTRIC SUPPLY - SONEPAR USA,4021082,204,R,198.0,HOUSTON,TX,7701 W LITTLE YORK RD STE 800,77040-5493,7134760788.0,MHudson@crawfordelectricsupply.com
SKY TRANSPORTATION SERVICES LLC,920253,204,R,217.0,EL PASO,TX,11650 GATEWAY BLVD E,79927-7702,9157788844.0,safetydivision@sky-transportation.com
GRACO FISHING & RENTAL TOOLS INC,308005,204,R,225.0,FRISCO,TX,5300 TOWN AND COUNRY BLVD,75034,2146183930.0,brad.shaver@gracosvcs.com
HUNTER EXPRESS US INC,2318362,202,R,240.0,LAREDO,TX,13151 SOUTH UNITEC DRIVE,78045,3133074185.0,nasir@hunterexpressus.com
TRADEX LOGISTICS INC,2360323,201,R,371.0,LAREDO,TX,607 GRAND CENTRAL,78045,,safety2@tradexlogisticsinc.com
AMERICANSTAR TRANSPORT LLC,1986353,201,R,296.0,NORTH RICHLAND,TX,5755 RUFE SNOW DR SUITE 190,76182,8882279844.0,safety@americanstartransport.com
OAK TRUCK LINES LLC,2261817,200,Q,130.0,LAREDO,TX,18658 MINES ROAD,78045,9565681170.0,safety@oaktl.com
CANAL TRANSPORTATION LLC,282131,199,Q,199.0,HOUSTON,TX,11643A WALLISVILLE ROAD,77013,7136721779.0,sandrac@CANALCARTAGE.COM
CRANEWORKS RENTALS LLC,3053890,198,Q,1.0,HOUSTON,TX,7795 EAST LITTLE YORK RD,77016,2812197779.0,customerservice@leetrans.com
GULFMARK ENERGY INC,229659,198,Q,165.0,HOUSTON,TX,2727 ALLEN PARKWAY STE 900,77019,7132092660.0,regulatory@gulfmarkenergy.com
DETMAR TRANSPORT LLC,3638442,196,Q,191.0,SAN ANTONIO,TX,18615 TUSCANY STONE STE 200,78258,2104712170.0,bvivens@detmarlogistics.com
FOUNDATION ENERGY SERVICES LLC,3793665,196,Q,167.0,SNYDER,TX,3204 W HIGHWAY 180,79549,3254360278.0,troy.botts@fndenergy.com
DISTRIBUTOR OPERATIONS INC,399953,196,Q,241.0,DALLAS,TX,14221 DALLAS PARKWAY STE 1000,75254,9729911444.0,YAMONNE.BLACKMON@IBSA.COM
RED STAG LLC,2562627,195,Q,148.0,CRESSON,TX,13446 CLEBURNE HIGHWAY,76035,,bobby.underwood@redstaglogistics.com
QUEST EVENTS LLC,1109328,194,Q,350.0,FRISCO,TX,2591 DALLAS PARKWAY STE 201,75034,2144364161.0,RBIRCH@QUESTEVENTS.COM
STEP ENERGY SERVICES USA LTD,2640421,193,Q,165.0,SAN ANTONIO,TX,70 NE LOOP 410 SUITE 600,78216,3375012406.0,louvy.lejeune@step-es.com
RESOURCE ENVIRONMENTAL SOLUTIONS LLC,3045249,191,Q,176.0,BELLAIRE,TX,6575 W LOOP S STE 300,77401,7133257227.0,rbzoza@res.us
BRIGGS INDUSTRIAL SOLUTIONS,891262,189,Q,157.0,DALLAS,TX,10540 N STEMMONS FRWY,75220,8006061833.0,JOHN.GOODPASTER@sammonsindustrial.COM
RJ TRANSPORTATION SERVICES LLC,3165130,187,Q,249.0,LAREDO,TX,8208 CAMINO COLUMBIA TOLL RD N,78045-6835,9565689818.0,jose.ochoa@rj-transport.com
XBL INDUSTRIAL MATERIALS LLC,3719615,187,Q,150.0,WEATHERFORD,TX,2901 GREENLEE PARK TRAIL,76088,,rhoyle@xcelbulk.com
TAS ENVIRONMENTAL SERVICES LP,1290854,187,Q,88.0,IRVING,TX,7301 N STATE HWY 161 STE 450,75039,8886540111.0,cdannis@taslp.com
3T CARRIER LLC,3615554,186,Q,373.0,LAREDO,TX,16464 US-83,78045,9565264224.0,safety@3tcarrier.com
APPLE MOVING LLC,3538096,185,Q,120.0,AUSTIN,TX,5206 WIND RIVER ROAD,78759,7573971248.0,SAFETY@APPLEMOVING.COM
VAC ONE LEASING LLC,2328948,185,Q,115.0,DEER PARK,TX,2909 AARON STREET,77536,2819782250.0,SHERIF.DWEEK@PRO-VAC.COM
CALDERON TRUCKING INC,3014754,183,Q,124.0,LAREDO,TX,203 LOBO LOOP,78045-8480,2144899068.0,calderondispatch21@gmail.com
LTS MANAGED TECHNICAL SERVICES LLC,1906799,181,Q,209.0,PFLUGERVILLE,TX,14400 THE LAKES BLVD STE 100 BLDG C,78660,7372285143.0,ltsdotcompliance@ledcor.com
RWLS LLC,1958573,181,Q,294.0,LEVELLAND,TX,1937 WEST AVENUE,79336,8068946008.0,MGRAY468@AOL.COM
CRANETECH INC,3993909,180,Q,255.0,ARLINGTON,TX,1209 STURGEON CT SUITE 107,76001,8669946478.0,DPOTTER@CRANETECHUSA.COM
VTS TRANSPORTATION INC,1930689,180,Q,185.0,SAN ANTONIO,TX,6100 BANDERA ROAD SUITE 115,78238,9165434300.0,info@vtstransportation.com
GULF STATES TRUCKING INC,1838380,180,Q,153.0,CHANNELVIEW,TX,17131 EAST FWY,77530,7139462900.0,SAFETY@GSTRUCKS.COM
VORTEX SERVICES LLC,1512588,180,Q,230.0,HOUSTON,TX,18150 IMPERIAL VALLEY DR,77060,,kestes@vortexcompanies.com
KOONER TRUCK REPAIR INC,3757006,179,Q,177.0,TOMBALL,TX,11027 NORTHPOINT BLVD STE E,77375,8888071412.0,JUSTINC@KOONERFMS.COM
SUNBURST TRUCK LINES INC,314795,178,Q,178.0,HOUSTON,TX,5121 A OATES ROAD,77013,7136721027.0,safety@sunbursttrucklines.com
TRIPLE RRR CARRIERS INC,3031364,177,Q,286.0,LAREDO,TX,20951 MINES ROAD,78045,9569496068.0,management@triplerrrcarriers.com
EL PASO ELECTRIC,333555,177,Q,252.0,EL PASO,TX,100 N STANTON,79901,9155434063.0,andrew.jones@epelectric.com
ACTION GYPSUM SUPPLY LP,1946292,177,Q,177.0,HOUSTON,TX,9635 WEST LITTLE YORK RD,77040,7138964002.0,ROBERTC@ACTIONGYPSUM.COM
ENBRIDGE ENERGY LIMITED PARTNERSHIP,113931,176,Q,180.0,HOUSTON,TX,915 N ELDRIDGE PKWY SUITE 1100,77079,7136274583.0,michael.burks@enbridge.com
EXPANSE ELECTRICAL COMPANY LLC,102788,176,Q,113.0,HOUSTON,TX,1155 DAIRY ASHFORD STE 620,77079,8323990054.0,ADAM.BELL@EXPANSEELECTRICAL.COM
JAMES POWER LINE CONSTRUCTION LLC,1976615,174,Q,165.0,BOERNE,TX,43 SHOOTING CLUB RD,78006,8307227752.0,JPL-DOTFLEET@PGSEQUIPMENT.COM
DC TRANSPORTATION SERVICES INC,1018527,172,Q,165.0,FORT WORTH,TX,2620 MCIVEY STREET SUITE B,76111,6823107300.0,ADMIN@DCTRANSPORT.BIZ
WESTERN CONCRETE PUMPING INC,2067501,172,Q,251.0,HOUSTON,TX,411 RANKIN CIRCLE N,77073,7605987855.0,BrettR@wCp.us.com
TM TRANSPORTATION SERVICES LLC,2252295,171,Q,234.0,LAREDO,TX,13491 SOUTH UNITEC DRIVE,78045,9567230555.0,safety.manager@TMTRANSPORTATION.US
CUMMINS SOUTHERN PLAINS LLC,335762,171,Q,168.0,ARLINGTON,TX,600 N WATSON RD,76011-5319,6822513465.0,drugtesting@cummins.com
BWI COMPANIES INC.,7901918,170,Q,98.0,NASH,TX,1355 N KINGS HWY,75569-2121,9038388561.0,davidsimpson@bwicompanies.com
ABSOLUTE GROUP INC,2531456,170,Q,174.0,LAREDO,TX,1208 VIDAL CANTU RD,78045,,absolute@absolute-fi.com
KOT SIDHU TRANSPORT INC,3728037,170,Q,170.0,IRVING,TX,2320 E UNION BOWER RD,75061,4699222321.0,kotsidhu@yahoo.com
FUTURE INFRASTRUCTURE LLC,1087897,166,Q,155.0,MESQUITE,TX,3325 INNOVATIVE WAY,75149,3463525200.0,ZBOYSEN@PRIM.COM
WEATHERFORD ARTIFICIAL LIFT SYSTEMS LLC,390016,166,Q,171.0,FORT WORTH,TX,7500 BENBROOK PARKWAY,76126,7138364341.0,SHAWN.HOLDEN@WEATHERFORD.COM
AMG TECHNOLOGY INVESTMENT GROUP LLC,3106626,165,Q,310.0,WEATHERFORD,TX,95 PARKER OAKS LN,76087-1265,9403891125.0,hrcompliance@team.nxlink.com
PLASKA TRANSMISSIONN LINE CONSTRUCTION LLC,1819706,164,Q,138.0,AMARILLO,TX,8901 EAST FM 1151,79118,7818128165.0,tammy.carter@unitedutility.com
HAIRPIN TRUCKING LLC,3105922,163,Q,181.0,HALLSVILLE,TX,1086 SHADY LN,75650,9039181654.0,T.GREEN@HAIRPINTRUCKING.COM
GLADIATOR ENERGY LLC,3194011,162,Q,202.0,THE WOODLANDS,TX,1400 WOODLOCH FOREST DR STE 425,77380,8327668070.0,mary.williams@gladiatorenergy.com
ALEMAN TRUCKING LLC,2959196,162,Q,159.0,ALAMO,TX,1330 N TOWER RD,78516,9562020779.0,ADMIN@ALEMANTRUCKING.COM; SAFETY@ALEMANTRUCKING.COM
TARGA TRANSPORT LLC,126597,161,Q,137.0,HOUSTON,TX,811 LOUISIANA SUITE 2100,77002-1400,7135841000.0,zmoravek@targaresources.com
FORCE LOGISTICS US LLC,2878088,161,Q,161.0,TOMBALL,TX,22828 PARK RD,77377,2104139991.0,RITAB@FORCELOGISTICSLLC.COM
BYRD OILFIELD SERVICES LLC,2147585,160,Q,92.0,ABILENE,TX,4725 LOOP 322,79602,3256900053.0,jstoneham@byrdoilfield.com
ASPHALT TRANSPORT INC,728166,159,Q,159.0,HOUSTON,TX,17311 MARKET STREET,77530,2814527070.0,wpick@atitransports.com
TRANSMAQUILA INC,1133590,159,Q,191.0,BROWNSVILLE,TX,5771 SOUTH PADRE ISLAND HWY,78521,9568310128.0,ljzamora@transmaquila.com
FREIGHT SOLUTIONS LLC,2149161,159,Q,148.0,HOUSTON,TX,15821 KIMBERLEE STREET,77049,8326191079.0,freightsolutionsllc@live.com
JETCO DELIVERY LLC,1470034,159,Q,124.0,HOUSTON,TX,3010 ALDINE BENDER RD,77032,7136761111.0,rates@jetcodelivery.com;
COVENANT TRUCKING LLC,3195397,159,Q,160.0,MIDLAND,TX,3911 SOUTH COUNTY ROAD 1232,79706,4327012434.0,NHARRIS@COVETRUCK.COM
LINCOLN FREIGHT COMPANY LLC,1390531,158,Q,155.0,LAREDO,TX,8417 AMPARAN RD,78045,,safety@set-logisplus.com
WARRIOR TECHNOLOGIES LLC,3013227,157,Q,125.0,MIDLAND,TX,400 W ILLINOIS AVE STE 950,79701,,compliance@warriortechnologies.net
GENESIS INTERMODAL SERVICES LLC,3408478,157,Q,158.0,SAN ANTONIO,TX,2714 N LOOP 1604 E STE 202,78232,,zjacob@phoenix-mgt.com
FORGELINE LOGISTICS LLC,3819283,155,Q,159.0,MCKINNEY,TX,2702 SYLVAN WAY,75072,8443745463.0,SAFETY@FORGELINELOGISTICS.COM
FROST FREIGHT INC,1540868,155,Q,181.0,LAREDO,TX,6909 SPRINGFIELD AVE STE 106,78045,9566125353.0,safety@frostfreightinc.net
HILCORP ENERGY COMPANY,2152506,155,Q,72.0,HOUSTON,TX,1111 TRAVIS ST,77002-5924,7137575252.0,fleetadmin@hilcorp.com
AEGIS CHEMICAL SOLUTIONS LLC,2362381,154,Q,150.0,HOUSTON,TX,4560 KENDRICK PLAZA DR SUITE 190,77032,2812584095.0,SHYDE@AEGISCHEMICAL.COM
ROLESA TRANSPORT LLC,2557404,153,Q,135.0,RIO GRANDE CITY,TX,6197 E HWY 83,78582,9565138004.0,ramiro@rolesatransport.com
GCC SUN CITY MATERIALS LLC,2934135,153,Q,100.0,EL PASO,TX,1 MCKELLIGON CANYON RD,79930-2634,9155654681.0,eescobedo@GCC.COM
JMR SERVICES LLC,2868934,152,Q,43.0,MIDLAND,TX,4706 GREEN TREE BLVD,79707,4326181050.0,ccox@jmrservices.com
COWBOY'S READY MIX LLC,2531274,150,Q,121.0,WALLISVILLE,TX,24015 INTERSTATE 10,77597,2819727000.0,INFO@COWBOYSREADYMIX.COM
ALL TIME LOGISTICS INC,2475440,150,Q,150.0,DALLAS,TX,4700 IRVING BLVD STE 200A,75247,9728728455.0,SAFETY@ALLTIMELOGISTICS.NET
ABURO TRANSPORTATION LLC,3508894,150,Q,255.0,ARLINGTON,TX,835 E LAMAR BLVD PMB207,76011,2064304276.0,ABUROTRANSPORTATIONLLC@GMAIL.COM
PATTERSON PROFESSIONAL SERVICES,7860952,148,Q,12.0,COLLINSVILLE,TX,9963 US HIGHWAY 377,76233-2794,9034293008.0,PATTPROSERV@AOL.COM
WS ENERGY SERVICES LLC,2421627,148,Q,56.0,ROBSTOWN,TX,709 EAST MAIN AVENUE,78380,,rkopycinski@wseservices.com
PATTERSON MOTOR FREIGHT LLC,1061388,148,Q,120.0,THE WOODLANDS,TX,24955 INTERSTATE 45 NORTH STE 300,77380,8325186399.0,dkepple@rigrunnerinc.com
ARALO EXPRESS USA INC,2962661,147,Q,139.0,LAREDO,TX,1902 W CALTON RD,78041,9566082015.0,ARALOEXPRESSUSA@ARALOEXPRESS.COM.MX
WHITE LINE SYSTEMS LLC,3275987,147,Q,228.0,KYLE,TX,19200 MARKETPLACE AVENUE SUITE 102,78640,8176804432.0,jwhite@whitelinesys.com
ROCKIN S TRUCKIN INC,1881356,146,Q,143.0,WEATHERFORD,TX,5751 WHITE SETTLEMENT RD,76087,8176094999.0,mike@rockinstruckin.com
SCHST LLC,593350,146,Q,129.0,HOUSTON,TX,12214 AQUEDUCT RD,77044-5212,2812276300.0,safetydept@quantixscs.com
BALKAN EXPRESS LLC,1597774,145,Q,160.0,FORT WORTH,TX,2560 E LONG AVENUE,76137,8179241410.0,RASO@BALKANEXPRESSLLC.COM
PDSD SHIPPING LLC,4176227,145,Q,4.0,KEMP,TX,15429 FLUD RD,75143,2149515794.0,SHAY081988@GMAIL.COM
MARITIME SERVICES LTD,337587,144,Q,84.0,HOUSTON,TX,8200 TELEPHONE RD,77061-4039,7136743544.0,ogaray@maritimeserv.com
SOUTHERN LIFTING AND HOISTING LLC,3073572,144,Q,157.0,KILGORE,TX,2409  STATE HWY 135 N,75662,9039810888.0,Ulaunda@southernliftingandhoisting.com
USA PLAN LLC,4332892,144,Q,145.0,GEORGETOWN,TX,1732 LAKOTA LN,78628,9802550557.0,kohl.crump@yahoo.com
TEXSTAR ENTERPRISES LLC,1767665,144,Q,136.0,SELMA,TX,17090 JORDAN ROAD,78154,2106568775.0,matthew.howard@texstarenterprises.com
U-HAUL CO OF TEXAS,428480,141,Q,245.0,GRAND PRAIRIE,TX,920 SOUTH MACARTHUR BLVD,75050,6022636811.0,GODFREY_HALL@UHAUL.COM
VALLEY PROTEINS LLC,36807,141,Q,135.0,IRVING,TX,5601 N MACARTHUR,75038,9722814444.0,shenley@darlingii.com
DUNAVANT TRANS GULF TRANSPORTATION LLC,551712,141,Q,141.0,LA PORTE,TX,437 INDEPENDENCE PKWY S,77571,,chris.mcmahan@dunavant.com
CODYSUR TRUCKS INC,1184128,141,Q,138.0,SAN BENITO,TX,30351 E BUSINESS 77,78586,9562769656.0,CYNTHIA.HERNANDEZ@CODYSURGROUP.COM
ROYAL EXPRESS INC,838117,140,Q,151.0,LAREDO,TX,12125 JEF DRIVE,78045,9567228891.0,safety@royalexpressinc.com
RJ LEASING LLC,1384545,140,Q,1.0,EL PASO,TX,12283 ROJAS,79936,9156425582.0,MARY.JANE@BORDERINT.COM
LHOIST NORTH AMERICA,117044,140,Q,135.0,CLIFTON,TX,2861 FM 2602,76634-0473,2546758668.0,Daniel.rimberg@lhoist.com
EM TRANSPORTATION SERVICES LLC,1449832,140,Q,117.0,BRYAN,TX,675 PHIL GRAMM BLVD,77807,9793142634.0,riki.McCarver@ecomaterial.com
GENESIS ENDEAVORS LLC,2283956,139,Q,130.0,KILGORE,TX,1120 MARVIN A SMITH RD,75662,9039858150.0,CSERRANO@GENESISENDEAVORS.COM
5J OILFIELD TRUCKING LLC,4221957,138,Q,108.0,PALESTINE,TX,4090 N US HIGHWAY 79,75801,9037248176.0,GLOHMEYER@5JOFTRUCKING.COM
PIPELINE SUPPLY & SERVICE LLC,1130759,138,Q,80.0,HOUSTON,TX,10507 ELLA BLVD STE 100,77038,7137418147.0,BLAKE.LIMBAUGH@PSSIGROUP.COM
WOOD GROUP USA INC,3028662,138,Q,47.0,HOUSTON,TX,17325 PARK ROW,77084,4064801370.0,shawn.fasching@woodplc.com
PURGE RITE LLC,2939261,136,Q,62.0,WILLIS,TX,13802 N HIGHWAY 75,77378-3418,9363446210.0,TJ@PURGERITE.COM
KBOLA LLC,3353418,136,Q,68.0,ODESSA,TX,2600 FM 866,79763-3038,4324380420.0,kbolallc@gmail.com
BROTHERS PRODUCE INC,1058826,135,Q,99.0,HOUSTON,TX,3173 PRODUCE ROW,77023,7139244196.0,chenderson@brothersproduce.com
SAW TRANSIT LLC,2927239,135,Q,115.0,PANTEGO,TX,2106 W PIONEER PKWY SUITE 131,76013,6822849946.0,STLLC@SAWTRANSITLLC.COM
REVEILLE TRUCKING INC,592668,134,Q,143.0,HARLINGEN,TX,1615 WILSON RD,78550,9564401975.0,tim@reveilletruck.com
FRONTIER TANK LINES INC,778718,134,Q,177.0,MCKINNEY,TX,6850 TPC DR STE 200,75070,9726713110.0,BDAWSON@FRONTIERTANKLINES.COM
MEGA CARGO FREIGHT INC,3329965,134,Q,158.0,DALLAS,TX,2202 MANANA DR SUITE 124,75220,2144327717.0,INFO@MEGACARGOFREIGHT.COM / dispatch1@megacargofre
TECHLINE CONSTRUCTION LLC,1666690,134,Q,50.0,AUSTIN,TX,9609 BECK CIRCLE,78758,,shelly.inman@techline-inc.com
ENERFLEX ENERGY SYSTEMS INC,1475647,133,Q,90.0,HOUSTON,TX,10815 TELGE RD,77095,2813459300.0,ANJOHNSON@ENERFLEX.COM
UNIVERSTEXAS LLC,4292338,133,Q,143.0,DALLAS,TX,9220 CENTRAL EXPRESS,75241,8002339445.0,PCANADAY@UNIVERSALLOGISTICS.COM
AMERICAN TRACK LLC,3147592,132,Q,195.0,FT WORTH,TX,3950 FOSSIL CREEK BLVD STE106,76137,8172015128.0,jmccomas@americantrack.com
E D C TRANSPORTATION LLC,1699067,132,Q,180.0,EL PASO,TX,13023 PELLICANO DR,79928,9152086455.0,dispatch@edctrucking.com
WHITNEY TRANSPORT NORTH AMERICA LLC,3769949,132,Q,132.0,POWDERLY,TX,9316 US HWY 271 N,75473,,arnolddiaz@milesaheadbrands.com
MUNOZ TRUCKING INC,678899,132,Q,126.0,EL PASO,TX,12460 WEAVER RD,79928,9158527722.0,sol@munoztruckinginc.com
2131 TRANSPORTATION LLC,3762851,130,Q,130.0,SAGINAW,TX,625 SAWYER DR,76179,9803335652.0,admin@2131trucking.com
J&M BURNS TRANSPORTATION INC,3059391,130,Q,130.0,MIDLAND,TX,1400 W COUNTY ROAD 130,79706,8067812852.0,MIke@JANDMBURNS.COM
AUSTIN BRIDGE & ROAD LP,59837,129,Q,108.0,COPPELL,TX,1199 S BELT LINE RD SUITE 110,75019,2145967300.0,DENJOHNSON@austin-ind.com
CLEARWELL WELL SERVICES LLC,1485979,129,Q,67.0,SAN ANTONIO,TX,1250 NE LOOP 410 #1000,78209,2108287689.0,DOT@clearwellus.com
PREMIER 1 TRUCKING LLC,3187957,128,Q,146.0,HIDALGO,TX,1301 N STATE HIGHWAY 336,78557,9562131400.0,safety@PREMIER1TRUCKINGLLC.COM
TUTLE & TUTLE TRUCKING INC,1058705,128,Q,99.0,CLEBURNE,TX,3672 HWY 67 W,76033,,bekah@tutleandtutle.com
FACILITY SOLUTIONS GROUP INC,1779788,127,Q,167.0,AUSTIN,TX,4401 WESTGATE BLVD #310,78745,5124407985.0,PAUL.BARKDULL@FSGI.COM
THE MEN'S WEARHOUSE LLC,238924,126,Q,129.0,HOUSTON,TX,10485 W BELLFORT ST,77031,4844679972.0,richard.sullivan@talloredbrands.com
MILLER ENVIRONMENTAL SERVICES LLC,728026,126,Q,102.0,CORPUS CHRISTI,TX,401 NAVIGATION BLVD,78408,3612899800.0,smendoza@MILLER-IS.COM
STATEWIDE MATERIALSTRANSPORT LEASING LTD,1936157,126,Q,129.0,MANOR,TX,14411 HWY 290 EAST,78653,5122797625.0,sblake@statewidematerials.com
SHARK TRUCKING INC,541564,126,Q,121.0,HOUSTON,TX,12106 MESA DR SUITE A102,77016,2814582649.0,sales@SHARKTRUCKING.COM
KEY ENERGY SERVICES LLC,669888,125,Q,206.0,HOUSTON,TX,1500 CITYWEST BLVD STE 800,77042,7136514300.0,PBROUGHTON@KEYENERGY.COM
GTG TRANSPORTATION LLC,3917139,125,Q,125.0,FORT WORTH,TX,1300 SUMMIT AVENUE SUITE 520,76102,4699918008.0,GTGTRANSPORTATION2022@GMAIL.COM
ARSH BROTHERS INC.,6172104,124,Q,124.0,DALLAS,TX,4700 IRVING BLVD,75247-5708,2145063991.0,safety@arshbrothersinc.com
K-3 RESOURCES LP,1083375,124,Q,96.0,BROOKSHIRE,TX,9458 FM 362,77423,2813755778.0,kevint@k3bmi.com
SAFA LOGISTICS LLC,3628967,124,Q,155.0,ARLINGTON,TX,4101 VIRIDIAN VILLAGE DR #3318,76005,6824150003.0,SAFALOGISTICS1@GMAIL.COM
UNIMEX LOGISTICS LLC,1970020,124,Q,142.0,PHARR,TX,700 W ANAYA,78577,9562138150.0,SAFETYFREIGHT@UNIMEXGROUP.COM
CAT-SPEC LTD,1163273,124,Q,95.0,LA PORTE,TX,225 S 16TH ST,77571-4608,2818671125.0,ksimpson@strongholdspecialtyltd.com
US MED-EQUIP LLC,2250911,124,Q,396.0,HOUSTON,TX,7028  GESSNER RD,77040,8778777767.0,crose@USMEDEQUIP.COM
SCOBEY MOVING & STORAGE LTD,1274056,123,Q,63.0,SAN ANTONIO,TX,9625 BROADWAY,78217,9156150827.0,Safety@centralsystems.com
B COMM CONSTRUCTORS LLC,2422577,122,Q,94.0,CONVERSE,TX,11222 IH-10 EAST,78109,2102570102.0,ZBOYSEN@PRIM.COM
ELKINS TRUCK LINES LLC,2356627,121,Q,136.0,WASKOM,TX,18149 HWY 80 E,75692,3184452879.0,BEN.ELKINS@ELKINSTL.COM
"CIRCLE 8 CRANE SERVICES, LLC",8749201,121,Q,134.0,ROBSTOWN,TX,3174 COUNTY ROAD 48,78380-5945,3619330696.0,kmanning@circle8services.com
STANDARD SALES COMPANY LP,924974,120,Q,111.0,ODESSA,TX,4800 E 42ND ST,79762-7214,4323677662.0,kdecker@standardsales.com
PERMIAN BASIN MATERIALS LLC,2493183,120,Q,102.0,ODESSA,TX,4044 PENBROOK SUITE 100,79762,4325638036.0,ETHATCHER@PB-MATERIALS.COM
TRI SUPPLY LLC,752082,120,Q,120.0,BEAUMONT,TX,7410 EASTEX FREEWAY,77708,2548998096.0,jabooze@trisupply.net
TALENTO SERVICES LLC,3841225,119,Q,159.0,FRISCO,TX,16399 GATEWAY PATH,75078,2148431030.0,ADENILTOSIMOESJR@TALENTO-SERVICES.COM
SOUTHERN FLUID SOLUTIONS LLC,3039724,118,Q,250.0,CENTER,TX,1061 COTTON FORD RD,75935,9365982500.0,andrea.estes@tristateoilfield.com
HANWHA Q CELLS EPC USA LLC,4398539,118,Q,118.0,HOUSTON,TX,5051 WESTHEIMER RD SUITE 1900,77056,,GES.LICENSE@QCELLS.COM
TROY CONSTRUCTION LLC,488929,118,Q,55.0,HOUSTON,TX,8521 MCHARD,77053,2814378214.0,cgaul@troyconstruction.com
WEST TEXAS CEMENTERS LLC,3180036,118,Q,205.0,ODESSA,TX,1400 S JBS PARKWAY,79766,4327015081.0,safetyjoe@wtcementers.com
BILBO TRANSPORTS INC,59898,118,Q,114.0,IRVING,TX,2511 EAST PIONEER DR,75061-8920,2144410021.0,mgeorge@bilbotransports.com
TALKE USA INC,2908029,117,Q,96.0,BAYTOWN,TX,13338 HATCHERVILLE RD GATE 3,77521,8322608325.0,info.usa@talke.com
INDIANA TRANSPORT LLC,2104335,116,Q,116.0,LAREDO,TX,402 LOGISTIC DR,78045,,jcvarela@palosgarza.com
STERLING CRANE LLC,1288769,116,Q,126.0,BAYTOWN,TX,13727 INTERSTATE 10,77523,3034220434.0,TDELANEY@STERLINGCRANE.COM
MPG PIPELINE CONTRACTORS LLC,1792688,116,Q,51.0,HOUSTON,TX,1271 RAYFORD BEND,77060,7139559901.0,shouse@mpg-plc.com
WILSONART LLC,154364,115,Q,148.0,TEMPLE,TX,10535 NW HK DODGEN LOOP,76504,2542076606.0,mccallm@wilsonart.com
AMT EXPRESS LLC,3319182,115,Q,115.0,GRAND PRAIRIE,TX,2080 N HIGHWAY 360 SUITE 375,75050,,taha@amtexpressllc.com
BUOYANT ENERGY LLC,3343091,115,Q,86.0,MIDLAND,TX,3117 E CR 120,79706,4329247072.0,KERRI@BUOYANTENERGY.NET
LITHOTRIPTERS INC,443261,115,Q,81.0,ROUND ROCK,TX,1990 STEAMWAY DRIVE ROUND R,78665,2106021987.0,PAT.ALEJOS@HEALTHTRONICS.COM
MAVERICK EXPRESS CARRIERS LLC,2557487,115,Q,176.0,EAGLE PASS,TX,2000 EL INDIO HWY,78852-5452,8307765092.0,operations@maverickexpresscarriers.com
GATEWAY EXPRESS LLC,2302042,114,Q,171.0,LAREDO,TX,1768 FM3338,78045,9564173555.0,tpflores@FANDAEXPRESS.COM
WINCO TRUCKING LLC,2126776,114,Q,114.0,STOCKDALE,TX,2671 CR 417,78160,9366326033.0,rkittleson@coastalplainsllc.com
DOXA LLC,2608633,114,Q,78.0,AUSTIN,TX,13740 RESEARCH BLVD SUITE L4,78750,7374447778.0,office@doxallc.net
FELHER TRANSPORTATION INC,2791893,114,Q,48.0,EL PASO,TX,14703 CASSIDY DRIVE,79938,9152604764.0,FELHERTRANS@GMAIL.COM
TAZ SERVICES LLC,3358068,113,Q,104.0,BEAUMONT,TX,5020 FANNETT ROAD,77705,,tazservicesllc@gmail.com
MOONSHINE ENERGY LLC,3849260,113,Q,81.0,MIDLAND,TX,5006 PORTICO WAY,79707,4322693789.0,S.PRESLEY@MOONSHINEENERGY.COM
MADASA CARRIERS INC,4086415,112,Q,114.0,LAREDO,TX,266 APPALOSA RD,78045,9565260400.0,safety@madasacarriers.net
MIDTEX OIL LP,922403,112,Q,77.0,NEW BRAUNFELS,TX,3455 IH 35 SOUTH,78132,8306066776.0,MSIMPSON@MIDTEXOIL.COM
HAZEL'S HOTSHOT INC,213831,111,Q,92.0,ADDISON,TX,14841 DALLAS PKWY STE 525,75254,9726208812.0,dustin@hazels.com
SHOA LOGISTICS LLC,3555213,111,Q,111.0,ODESSA,TX,14661 WEST I-20,79763,4329002571.0,safety@sandhaulersofamerica.com
A1 DEDICATED TRANSPORT LLC,3811713,111,Q,129.0,LEAGUE CITY,TX,2600 SOUTH SHORE BLVD SUITE 300,77573,8483093190.0,bperatt@waterfrontlogistics.com
STRIKE OPERATING COMPANY LLC,1111430,111,Q,23.0,SPRING,TX,460 WILDWOOD FOREST DR STE 350 N,77380,8337874530.0,kelly.charanza@strikeusa.com
TSD LOGISTICS INC,247898,110,Q,80.0,TEXARKANA,TX,7970 HAMPTON ROAD,75503,9037941423.0,TJONES@TSDINC.COM
WARRIOR LOGISTICS LLC,3853627,110,Q,115.0,COPPELL,TX,450 N FREEPORT PKWY,75019-3508,4694968694.0,compliance@warriorlogistics.com
ES EXPRESS LLC,3537190,110,Q,110.0,HALLSVILLE,TX,1080 SHADY LN,75650,4064044086.0,JERI@esexpressllc.COM
GIBSON & ASSOCIATES INC,965682,109,Q,26.0,BALCH SPRINGS,TX,11210 RYLIECREST,75180,9725571199.0,crystalc@gibsonassoc.net
CAPITAL REYES DISTRIBUTING LLC,3966362,109,Q,114.0,MANOR,TX,10095 US HIGHWAY 290 E,78653,6084063762.0,kgrotzke@reyesholdings.com
ROCKING T INC,975449,109,Q,105.0,AMARILLO,TX,3300 S FM 1258,79118-7211,8062200524.0,jordi@rockingtinc.com
COWTOWN MATERIALS INC,333653,109,Q,146.0,FORT WORTH,TX,401 GARDEN ACRES DR,76140,8175511805.0,JJONES@COWTOWNMATERIALS.COM
SDL CARRIERS INC,3019765,108,Q,158.0,LAREDO,TX,22801 MINES ROAD,78045,9563249530.0,sdlcarriers.safety@gmail.com
SILVERLEAF LOGISTICS LLC,4082736,108,Q,115.0,MONTGOMERY,TX,14810 CALDERON DR,77316,2259316642.0,SILVERLEAF5900@GMAIL.COM
VERIZON DELAWARE LLC,386218,108,Q,70.0,IRVING,TX,700 HIDDEN RIDGE MC HQW0BH50,75038,,sonya.schroeder@verizon.com
REPUBLIC EES LLC,1658374,107,Q,61.0,HOUSTON,TX,10613 W SAM HOUSTON PKWY N SUITE 300,77064,8323994500.0,tparsons@republicservices.com
THE ARBOR EXPERTS LLC,2608286,107,Q,78.0,WEBSTER,TX,3118 FM 528 #333,77598,2817245455.0,INFO@THEARBOREXPERTS.COM
YUNEX LLC,3652541,106,Q,116.0,AUSTIN,TX,9225 BEE CAVE RD,78733-6204,8002296090.0,steven.teal@yunextraffic.com
BARRILLEAUX ENERGY SERVICES LLC,3688009,106,Q,105.0,CONROE,TX,8725 FAWN TRAIL,77385,9365372010.0,assets@BARRILLEAUXENERGYSERVICES.COM
CLASSIC CRANE AND TRANSPORT LP,2434937,106,Q,93.0,MIDLAND,TX,7007 S FM 1788,79706,4326310390.0,ben@classicct.com
SPUR FREIGHT SERVICES INC,2190438,106,Q,101.0,AUSTIN,TX,1100 E HOWARD LN STE 500,78753,,desbrown@spurfreight.com
RANGER ENERGY SERVICES LLC,2544062,105,Q,178.0,HOUSTON,TX,10350 RICHMOND AVENUE SUITE 550,77042,7139358900.0,Eric.mcgregory@RANGERENERGY.COM
RAMROD TRUCKING INC,213372,105,Q,86.0,HOUSTON,TX,3009 HOHL STREET,77093,7136995757.0,info@ramrodtrucking.com
BZ EXPRESS INC,2327057,105,Q,105.0,HOUSTON,TX,13702 RANKIN PARK DR,77073,,zak@bzexpress.com
SHARP OILFIELD SERVICES LLC,2121913,105,Q,105.0,GAINESVILLE,TX,3603 FM 51,76240,9406688774.0,MDAVENPORT@SHARPOILFIELDSERVICES.COM
FUSIONSITE TEXAS LLC,1797532,104,Q,118.0,LUBBOCK,TX,3407 CLOVIS RD,79415,6299107131.0,SAFETY@FUSIONSITESERVICES.COM
BEST TRANSPORTATION SERVICE INC,343870,104,Q,94.0,PASADENA,TX,13225 BAY PARK ROAD,77507,8778663903.0,scannone@boassoglobal.com
FRONTIER TRANSPORT NA LP,1497855,103,Q,75.0,MORGAN'S POINT,TX,101 E BARBOURS CUT BLVD,77571,2813072020.0,dhaines@FTLG.NET
RANGER ENERGY EQUIPMENT LLC,3017265,103,Q,100.0,HOUSTON,TX,10350 RICHMOND AVE,77042-4469,7139358900.0,eric.mcgregory@rangerenergy.com
CONCENTRIC LLC,3208500,103,Q,427.0,CARROLTON,TX,1621 W CROSBY RD STE 100,75006,,carrie.gustus@concentricusa.com
RICKY SHULER TRUCKING INC,1580758,102,Q,89.0,MCCAMEY,TX,316 SHELL ROAD,79752,4326523337.0,
HEARTBREAK TRUCKING LLC,3056909,102,Q,103.0,ALICE,TX,149 CR 120,78332,,rwalker@hbgroupllc.com
SANITATION SOLUTIONS INC,1395309,102,Q,79.0,PARIS,TX,2146 SOUTH CHURCH STREET,75460,9037840124.0,justin.bennett@wasteconnections.com
PANHANDLE EXPRESS LLC,1592966,102,Q,59.0,HEREFORD,TX,3931 US HWY 60,79045,,kterry@panhandleexpress.com
"IM4 TRANSPORT, LLC",5498864,102,Q,100.0,LAREDO,TX,4420 VIDAURRI AVE,78041-4079,9564825109.0,SAFETY@IM4TRANSPORT.COM
G AND G OPERATORS LTD,347000,101,Q,35.0,DALHART,TX,907 LIBERAL,79022,8062444297.0,pat@gandgoperators.com
OPEN ERA LLC,4201696,101,Q,101.0,EL CAMPO,TX,1084 COUNTY ROAD 479,77437-4585,4807294629.0,DISPATCH@OPENERALLC.COM
MARTIN AG LLC TEXAS,4078234,101,Q,113.0,LITTLEFIELD,TX,1926 FM 54,79339,8063363111.0,SETHMARTIN@MARTINAGINC.COM
MAC TRANSPORTATION LLC,1566508,101,Q,45.0,BIG SANDY,TX,395 PRIVATE ROAD 3501,75755,9037208956.0,BHENSON@MACTRANSPORTATIONLLC.COM
DIGCO UTILITY CONSTRUCTION LP,1130205,101,Q,68.0,HOUSTON,TX,1608 MARGARET ST,77093,7133332174.0,dwaustin@nhplc.com
SAMAX EXPRESS INC,2457309,100,P,100.0,LAREDO,TX,5615 E SAUNDERS ST,78041,,safety@samaxexpress.com
ANDERSON PERFORATING SERVICES LLC,2001669,100,P,125.0,ALBANY,TX,124 WELCO ROAD,76430,3257622200.0,steven.sutton@apiperforarting.com
SISU ENERGY LLC,3328258,100,P,100.0,FORT WORTH,TX,2400 HANDLEY EDERVILLE RD,76118,8177171616.0,SAFETY@SISUENERGYLLC.COM
TEX-AIR DELIVERY INC,316754,100,P,109.0,GRAPEVINE,TX,2402 ESTERS BLVD,76051,8174814567.0,DNICKEL@TEXAIRDELIVERY.COM
GONCO LOGISTICS LLC,3057362,100,P,100.0,MIDLAND,TX,10503 W COUNTY ROAD 72,79707,4322082389.0,Damian@goncologistics.com
DEE KING TRUCKING LP,665223,100,P,105.0,AMARILLO,TX,17601 E SAINT FRANCIS AVE,79108,8063359891.0,DAVID@DEEKINGTRUCKING.COM
BLUE JETT TRANSPORT LLC,3137870,100,P,125.0,ARLINGTON,TX,1007 ANGEL FIRE LN,76001,9034269100.0,bluejetttransport@gmail.com
GOODFELLA'S LEASE LLC,2932743,100,P,50.0,HUNTSVILLE,TX,1423 BRAZOS DRIVE U5,77320,,mbrady@goodfellaslease.com
ZEMEN LOGISTICS LLC,3958341,100,P,135.0,PLANO,TX,2404 HIGH COUNTRY WAY,75025,,zemenlogistics@gmail.com
TABET ENTERPRISES INC,1102762,99,P,108.0,EL PASO,TX,12369 PINE SPRINGS DR,79928,9158528889.0,troy@ameritranstx.com
FORT WORTH CARRIER CORPORATION,187365,99,P,103.0,FORT WORTH,TX,4501 N BEACH ST,76137,8178315488.0,sean@fwcarrier.com
DOUBLE T OILFIELD SERVICE LLC,2446849,99,P,100.0,MIDLAND,TX,4707 E  COUNTY ROAD 133,79706,3256502693.0,j.lopez@doubletoil.com
HARDROCK INFRASTRUCTURE SERVICES LLC,1605236,99,P,55.0,ELMENDORF,TX,21055 PRIEST RD,78112,2104032086.0,TIM.COVIN@HARDROCKDD.COM
DAKOTA UTILITY CONTRACTORS LLC,988837,99,P,102.0,ENNIS,TX,2501 S OAK GROVE RD,75119,9728756344.0,NATHAN.VYERS@DAKOTAUTILITY.COM
PAVECON LTD CO,629025,98,P,59.0,GRAND PRAIRIE,TX,3022 ROY ORR BLVD,75050,9722633223.0,donh@pavecon.com
INDECA CRUDE XPRESS LLC,2978046,98,P,101.0,ODESSA,TX,13110 WEST CR 100,79765,4325632749.0,JESSICA@ICXUSA.NET
WALLPORT TRANSIT XPRESS INC,1221006,98,P,98.0,HUTCHINS,TX,1011 W WINTERGREEN RD,75141,8173064112.0,jlyde@wtxpress.com
R CONSTRUCTION COMPANY,1797639,98,P,130.0,BUFFALO,TX,1313 HWY 79 WEST,75831,9033224639.0,KEVIN.PURINGTON@RCONSTRUCTIONINC.COM
LAND OF LIGHT TRANSPORT LLC,3701071,97,P,130.0,NORTH RICHLAND HILLS,TX,4925 DAVIS BLVD SUITE 205,76180,5053379493.0,LANDOFLIGHTTRANSPORT@GMAIL.COM
3S ELECTRICAL DISTRIBUTION LLC,3872256,97,P,111.0,CARRIZO SPRINGS,TX,2535 LOOP 517,78834,8308764155.0,melissa.nanny@3-sservices.com
D E RICE CONSTRUCTION COMPANY INC,368998,97,P,39.0,BORGER,TX,3300 S CEDAR,79008,8062747187.0,sstehr@derice.com
CURTIS & SON VACUUM SERVICE INC,619741,97,P,133.0,LIBERTY,TX,4408 NORTH MAIN STREET,77575,,csvs@curtisandsonco.com
ABERA TRANSPORTATION LLC,3450442,96,P,101.0,KERMIT,TX,1359 TX 18,79745,4693320490.0,ABERA9201@GMAIL.COM
EL PASO DISPOSAL LP,427913,96,P,97.0,EL PASO,TX,5539 EL PASO DRIVE,79905,9157727495.0,SCOTTBE@WASTECONNECTIONS.COM
SIDDONS MARTIN EMERGENCY GROUP LLC,2591277,96,P,191.0,HOUSTON,TX,1362 E RICHEY ROAD,77073,2816064933.0,cmcleod@SIDDONS-MARTIN.COM
NATURAL GAS SERVICES GROUP INC,1141318,96,P,96.0,MIDLAND,TX,404 VETERANS AIRPARK LANE SUITE 300,79705,4322622700.0,randy.kennedy@ngsgi.com
3 MEN MOVERS LTD,1914113,95,P,88.0,HOUSTON,TX,6805 SANDS POINT DR,77074,7133336683.0,operations@3menmovers.com
FRANK BARTEL TRANSPORTATION INC,876456,95,P,35.0,AUBREY,TX,7401 S HWY 377,76227,9404403230.0,RFARRIS@FRANKBARTEL.COM
LOGISTIK XPRESS LLC,3297874,95,P,130.0,LAREDO,TX,13514 EVOLUTION LOOP,78045,,jimenez@lk-x.com
TRUCKA USA LLC,3436907,95,P,103.0,LAREDO,TX,174 GARZA JONES LN,78045,9566155962.0,safety@truckausa.us
TRIMAC TRANSPORTATION GROUP INC,166893,95,P,49.0,PASADENA,TX,13301 BAY PARK ROAD,77507,2819850000.0,CTHOMAS@TRIMAC.COM
PIPEVIEW LLC,2488538,95,P,226.0,AZLE,TX,13190 FM730 SOUTH,76020,,fleet@pipeviewamerica.com
PRADON CONSTRUCTION AND TRUCKING LTD,222930,95,P,78.0,ODESSA,TX,249 SOLO RD,79764,4323624186.0,TODD@PRADON.NET
TOP NOTCH TRANSIT LLC,3601721,95,P,95.0,ODESSA,TX,13318 W HWY 80 E,79765,5124703622.0,operations@topnotchtransitllc.com
INTERCON CARRIERS LC,621366,94,P,125.0,LAREDO,TX,19810 MINES RD,78045-8684,9567186333.0,luz.gonzalez@safety-os.com
VORTEX WATER,9347645,94,P,128.0,HOUSTON,TX,16945 NORTHCHASE DR,77060-2152,2818385443.0,RRYNICKI@VORTEXCOMPANIES.COM
DAWSON GEOPHYSICAL CO,424180,94,P,92.0,MIDLAND,TX,2501 COMMERCE DR,79703,4328531789.0,austin@DAWSON3D.COM
CRANEWORKS LLC,1450518,94,P,1.0,HOUSTON,TX,7795 LITTLE YORK RD,77016,2812197779.0,dgarza@crane-works.com
UNITEDWS INC,3431464,93,P,93.0,SPRING,TX,24530 GOSLING RD APT 813,77389,4077250662.0,safety@unitedwsusa.com
COMMERCIAL CHEMICAL PRODUCTS INC,804497,93,P,69.0,HOUSTON,TX,1707 TOWNHURST DR,77043,8008587665.0,KBOYER@AQUASOL.COM
EQUIPMENT DEPOT LTD,1236210,93,P,111.0,WACO,TX,4100 I35 SOUTH,76706,2546624322.0,jerri.dudzinski@eqdepot.com
H & S CONSTRUCTORS INC,482302,92,P,49.0,CORPUS CHRISTI,TX,1616 CORN PRODUCTS ROAD,78469,3612895272.0,Rgonzalez2@hsconstructors.com
MUELLER INC,23140,92,P,92.0,BALLINGER,TX,1915 HUTCHINS AVE,76821-1915,3253653555.0,kye.barnes@muellerinc.com
HARLEQUIN TRANSPORT LLC,3499824,92,P,154.0,LAREDO,TX,101 BLUE RIDGE PKWY,78045,,safety@harlequintrans.com
LUFKIN US ACQUISITION COMPANY LLC,3467273,92,P,90.0,MISSOURI CITY,TX,811 WILLOW OAK DR,77489-2468,3374004656.0,Fleet@LUFKIN.COM
SEAHORSE TRANSPORT,6874116,92,P,45.0,BROWNSVILLE,TX,3051 N INDIANA AVE,78526-6714,9568310600.0,safety@seahorsetransport.net
INTERNATIONAL TRANSPORTATION SERVICES INC,2257332,91,P,91.0,EL PASO,TX,1170 JOE BATTLE BLVD,79936,9157727965.0,opsmgmt@itstrucks.com
WWESCO USA CORPORATION,3268668,91,P,68.0,YOAKUM,TX,735 STATE HWY 95 NORTH,77995,3612938221.0,DOT@WWESCO.COM
MONE TRANSPORT LLC,2445389,91,P,90.0,LAREDO,TX,14002 MINES RD STE 2,78045,9567221666.0,compliance@MONETRANSPORT.COM
R L WALKER TRANSPORT INC,574082,91,P,91.0,TOMBAL,TX,15134 BOUDREAUX RD,77377,2817822002.0,RSTEWART@RLWALKERTRANSPORT.COM
SOURCE POWER LLC,3380493,91,P,119.0,SAN ANTONIO,TX,4718 COLLEGE PARK,78249,2108583121.0,DPALOMINO@SOURCEPOWERLLC.COM
TRAMUC TRANSPORT LLC,3441711,91,P,93.0,MISSION,TX,3612 NORTH CONWAY AVENUE,78573,9568774446.0,SAFETY@TRAMUC.COM
TRANSPORT CONTINENTAL INC,375481,91,P,83.0,PHARR,TX,601 E FERGUSON,78577,,rsanchez@trans-con.com
GOLDEN MILE OTR INC,4184301,91,P,109.0,THE COLONY,TX,3629 HANOVER CT,75056-6533,9092292569.0,goldenmileotr@gmail.com
PANHANDLE TRANSPORTATION GROUP LLC,1805503,91,P,77.0,AMARILLO,TX,1401 FARMERS AVE STE T,79118,8063723851.0,COMPLIANCE@AFIAMA.COM
TREE SAP FARMS LLC,1936144,90,P,96.0,HOUSTON,TX,5151 MITCHELLDALE #B2,77092,9796773012.0,TMITCHELL@everde.com
BORDER TRANSLOAD AND FREIGHT SERVICES LLC,1926183,90,P,86.0,EDINBURG,TX,3820 N CLOSNER BLVD,78541,,valentin@ihrtransport.com
SYSCO GULF COAST INC,1396375,90,P,103.0,GENEVA,TX,2001 WEST MAGNOLIA AVENUE,77077,3464223019.0,DOT.compliance@sysco.com
NEW TEX TRUCKING LLC,3092492,90,P,115.0,WOLFFORTH,TX,7707 FM 1585,79382,8068633299.0,ASALINAS@COWAN-GROUP.COM
GOLDEN HORN TRANSPORTATION INC,3698835,90,P,90.0,FORT WORTH,TX,4000 GOLDEN HORN LN,76123,6232790250.0,Goldenhornllc24@gmail.com
BASIC TRANSPORT LLC,2141830,90,P,90.0,IRVING,TX,9349-9345 E 9TH ST,75063,,basictransportllc@gmail.com
CONTRACTORS SUPPLIES INC,270326,90,P,90.0,LUFKIN,TX,304 WEBBER STREET,75904,9366343341.0,james@csiconcrete.com
ENERPIPE LTD,346947,90,P,52.0,AMARILLO,TX,500 S TAYLOR ST SUITE 910,79101,8063222256.0,MattBRISTER@ENERPIPE.COM
STRTR LOGISTICS LLC,3359049,90,P,90.0,WILMER,TX,602 INTERSTATE 45 NORTH,75172,4692068459.0,Email@STRTR-Logistics.com
ANIMAL SUPPLY COMPANY LLC,391658,90,P,90.0,GRAND PRAIRIE,TX,2403 E INTERSTATE 30,75050,9726169600.0,john.obenhaus@animalsupply.com
STAGECOACH CARTAGE AND DISTRIBUTION LLC,282628,89,P,89.0,EL PASO,TX,7167 CHINO DRIVE,79915,9157798315.0,jvalenzuela@stagecoachcartage.com
TRILOGY MEDWASTE SOUTHEAST,3199752,89,P,90.0,HOUSTON,TX,3 RIVERWAY STE 1050,77056,7133001892.0,CPLATA@TRILOGYMEDWASTE.COM
IRONEDGE LOGISTICS LLC,4458100,89,P,89.0,CYPRESS,TX,14503 FALLBROOK DR,77429-1730,9513104793.0,invoices@ironedgelogistics.com
PROFORWARD INC,1678243,89,P,139.0,EL PASO,TX,1600 N KANSAS ST,79902,5627540569.0,alan@proforward.com
TRANSCAR EXPRESS LLC,2066413,89,P,95.0,BROWNSVILLE,TX,1605 MILITARY RD,78520,,erick@transcarexpress.com
HOLMAN WELL SERVICE LLC,2029591,89,P,40.0,PAMPA,TX,11401 HWY 152 WEST,79065,8066652550.0,anthonychaney3@gmail.com
ELEVATE ENERGY SERVICES LLC,3221137,89,P,39.0,MIDLAND,TX,11601 TOWER ROAD,79707,8066266669.0,agONZALEZ@elevateofs.COM
WATKINS CONSTRUCTION CO LLC,697532,88,P,27.0,CORSICANA,TX,3229 S 15TH STREET,75110,9038746587.0,EESQUIVEL@WATKINSCONSTRUCTION.COM
RAIL 1 LLC,1756115,88,P,24.0,TENNESSEE COLONY,TX,4600 ACR 473,75861,,torties101@aol.com
HAROS PARTNERS LP,1819064,88,P,40.0,KENNEDALE,TX,7514 MANSFIELD HWY,76060,,irma@harosbros.com
VOLANT XPRESS LLC,3529406,88,P,80.0,ODESSA,TX,14480 W IH 20,79763,4329346925.0,volantxpressllc.tx@gmail.com
CACTUS WELLHEAD LLC,2204980,88,P,79.0,HOUSTON,TX,920 MEMORIAL CITY WAY,77024,8143080614.0,ROBERT.BALL@CACTUSWELLHEAD.COM
CPX TRUCKING INC,496974,88,P,86.0,MIDLOTHIAN,TX,1081 EASTGATE ROAD,76065,9727233313.0,shawn@cpxtrucking.com
SABER POWER SERVICES LLC,2127928,88,P,106.0,ROSHARON,TX,9841 SABER POWER LANE,77583,7132229102.0,PALLEN@SABERPOWER.COM
FRESHPOINT DALLAS INC,1496932,88,P,82.0,DALLAS,TX,4721 SIMONTON RD,75244,9723855800.0,DOT.compliance@sysco.com
DYNASTY WIRELINE SERVICES LLC,2799945,88,P,115.0,MIDLAND,TX,6800 WEST HWY 80,79706,4323633100.0,"kshaffer@dynastyws,com"
PRO FIELD SERVICES INC,995244,87,P,62.0,HALLETTSVILLE,TX,212 E SECOND ST,77964,3619785552.0,evelyn.jansky@profieldservices.com
C&G ELECTRICAL LLC,1382696,87,P,98.0,MIDLAND,TX,2200 N FM 1788,79707,4322073158.0,jesus.ortiz@c-gelectrical.com
C AND C NORTH AMERICA INC,1553083,87,P,90.0,LAPORTE,TX,1921 SOUTH 16TH STREET SUITE A,77571,7867344991.0,fleetusa@cosentino.com
SHERMCO INDUSTRIES INC,524975,87,P,75.0,IRVING,TX,2425 E PIONEER DRIVE,75061,9727935523.0,thomas.gans@shermco.com
HOPE CONCRETE LLC,3218535,86,P,86.0,BONHAM,TX,805 W SAM RAYBURN DR,75418-4102,9035832588.0,tiffany.edwards@HOPECONCRETE.com
QWIK PIPE,2415189,86,P,12.0,HOUSTON,TX,1825 UPLAND DRIVE,77043,4322023211.0,STEPHEN@QWIKPIPE.COM
THE LETCO GROUP LLC,312480,86,P,94.0,DALLAS,TX,1901 CALIFORNIA CROSSING ROAD,75220,9725068575.0,bcrawford@LETCOGROUP.COM
CARGO EXPRESS TEXAS INC,4016750,86,P,81.0,CROWLEY,TX,4632 LYRE LEAF DR,76036,4699906099.0,info@cargoexpresstexas.com
NPK ACCESS SOLUTIONS LLC,29159,86,P,115.0,THE WOODLANDS,TX,9320 LAKESIDE BLVD  SUITE 100,77381,2813626800.0,tdiana@npki.com
ENDURANCE LIFT HOLDINGS LLC,1827970,86,P,84.0,GAINESVILLE,TX,114 E FORELINE DR,76240,,kevin.mccasland@endurancelift.com
SCOTT POLE LINE LLC,2370632,86,P,58.0,STEPHENVILLE,TX,530 COUNTY ROAD 224,76401,2549650902.0,SCOTTPOLELINE@GMAIL.COM
UPSHUR-RURAL ELECTRIC COOPERATIVE CORPORATION,109559,85,P,85.0,GILMER,TX,1200 W TYLER ST,75644,9038432536.0,rbarham@urecc.com
GEMINI LOGISTICS LLC,3439290,85,P,95.0,BUDA,TX,2956 MAIN ST,78610,5129408208.0,KEVINJWARDEN@GMAIL.COM
ROWDY TRANSPORT LLC,2841969,85,P,80.0,TYLER,TX,17521 US HWY 69 S,75703,,operations@rowdytransport.com
MAVERICK LOGISTICS SERVICES LLC,3273489,85,P,80.0,MONAHANS,TX,1604 W IH20 SERVICE RD,79756,2543341530.0,SEAN@TEAM-MAV.COM
WORLDWIDE MACHINERY LTD,829901,85,P,16.0,HOUSTON,TX,2200 POST OAK BLVD #1400,77056,8666108550.0,RWard@wwmach.com
"J&H TRUCKING, LLC",6750982,84,P,28.0,HAMILTON,TX,484 FM 2905,76531,2543863647.0,sarah@oandbfarms.com
DOMAN TUCKER TRUCKING COMPANY LLC,4304982,84,P,61.0,CARROLLTON,TX,1440 HUTTON DR,75006,,mark.chatfield@domanbm.com
NORTHSTAR ENERGY SERVICES INC,326205,84,P,52.0,HOUSTON,TX,1608 MARGARET ST,77093,7133332174.0,DWAUSTIN@NHPLC.COM
ROYAL T ENERGY LLC,1995304,83,P,61.0,PECOS,TX,435 CR 420,79772,8323925426.0,ADRIANA@ROYALTENERGYLLC.COM
VTL CARRIERS LLC,4456801,83,P,40.0,EAGLE PASS,TX,2197 CAMINO DEL SOL,78852,5127918835.0,vtlcarriersllc@gmail.com
SUPER HEATERS LLC,1683121,83,P,79.0,HOUSTON,TX,10260 WESTHEIMER SUITE 460,77042,7139525533.0,wwaguespack@phxsvcs.com
J & M PREMIER SERVICES INC,842230,83,P,3.0,PALESTINE,TX,12969 N US HWY 79,75801,9035840152.0,david@jmpremierservices.com
GL LOGISTICS COMPANY LLC,2544501,83,P,152.0,LAREDO,TX,15949 US HWY 83 N,78045,9562699596.0,payments@gllogisticsco.com
PANNELL CONTRACTING LLC,3401710,83,P,25.0,BANDERA,TX,379 MONTAGUE STREET,78003,8305916067.0,JACY@PANNELLCO.COM
SPLICERS INC,3654228,83,P,75.0,CONROE,TX,9575 LAKE CONROE DR,77304-3703,9368564213.0,DANNY@SPLICERSINC.COM
AER SALES LP,653642,83,P,86.0,CARROLLTON,TX,1605 SURVEYOR BLVD,75011,2146871141.0,emilianobarragan@aermfg.com
CHEM TECH SERVICES INC,1261676,83,P,66.0,LEVELLAND,TX,1935 WEST AVENUE,79336-1619,8068948172.0,DWATERS@CHEMTECHSERV.COM
TAS INC,1643585,83,P,59.0,VIDOR,TX,24580 IH 10,77662,8179469272.0,TASINC2003@AOL.COM
LIVINGSTON TRUCKING INC,2862306,83,P,77.0,TEXARKANA,TX,169 BLANKENSHIP LANE,75501,9038325373.0,bo@livingstontrucking.com
W-W SERVICES LLC,2584758,83,P,82.0,PLEASANTON,TX,2348 COUNTY ROAD 422,78064,8304803054.0,hwhite@wwservicesllc.com
HOOKER BROTHERS CONSTRUCTION LLC,4178069,83,P,53.0,TYLER,TX,21262 US HIGHWAY 69 S,75703-9104,9038944640.0,LOGAN@HBROSCO.COM
GRIFFIN DEWATERING LLC,240287,83,P,111.0,HOUSTON,TX,5306 CLINTON DR,77020,7136768000.0,THOMAS.SHORT@griffinfluidmanagement.com
SHEPHERD ENERGY SERVICES LLC,3827862,82,P,74.0,ODESSA,TX,508 N GRANDVIEW,79761,4322883593.0,ACCOUNTING@SHEPHERDENERGY.SERVICES
VALLEY TRUCKING CO INC,136490,82,P,82.0,BROWNSVILLE,TX,4550 JAIME J ZAPATA AVE,78521,8009454511.0,VTCJD@VALLEY-TRUCKING.COM
SYSCO USA III,4155270,82,P,85.0,HOUSTON,TX,1390 ENCLAVE PKWY,77077,2815841390.0,DOT.compliance@sysco.com
F & A EXPRESS LLC,814450,82,P,70.0,LAREDO,TX,1768 FM3338,78045,9567402064.0,safety@fandaexpress.com
ENERGY FISHING AND RENTAL SERVICES INC,1423988,82,P,29.0,CORPUS CHRISTI,TX,1901 N CLARKWOOD RD,78409,2106209048.0,jharris@jjtamez.com
BEE LINE MATERIALS LLC,3342709,82,P,82.0,LAVON,TX,11201 STATE HIGHWAY 205,75166-1831,9724420599.0,ashley@beelinereadymix.com
LOS''S OILFIELD SERVICES LLC,2356706,81,P,85.0,MIDLAND,TX,2400 WEST COUNTY ROAD 114,79706,4326956914.0,brenda@losoilfieldservices.com
INTENSE WIRELINE SOLUTIONS LLC,2979091,81,P,312.0,FLINT,TX,19189 HWY 155 S,75762,9035382000.0,jestes@intensewireline.com
MUSTANG CAT,428958,81,P,69.0,HOUSTON,TX,12800 NORTHWEST FWY,77040,7134527737.0,lwilkinson@mustangcat.com
ALISAM ENTERPRISES LLC,2257395,81,P,83.0,AMARILLO,TX,6699 S WASHINGTON,79118,,jkelley@plainstransportation.com
CUATRO T CONSTRUCTION INC,2044875,81,P,61.0,HONDO,TX,1241 CR 251,78861,8304262333.0,lbton51@gmail.com
ARROWHEAD LINE LLC,2390301,81,P,51.0,CANYON,TX,11201 W US HIGHWAY 60,79015,8064181221.0,CRESHA@ARROWHEADLINE.COM
MILAN LOGISTICS INC,2393479,80,P,87.0,GRAND PRAIRIE,TX,231 GILBERT CIR,75050,8173292055.0,bj@milanlogistics.com
WHITNEY TRANSPORT SOUTHWEST LLC,4372677,80,P,80.0,MCKINNEY,TX,1650 W VIRGINIA ST STE 200,75069,8887174271.0,BRENTWENGERT@MILESAHEADBRANDS.COM
REECE INC,2888246,80,P,82.0,DALLAS,TX,15850 DALLAS PKWY,75248-3308,6827305256.0,brittany.gary@reece.com
TSJ INTERNATIONAL SERVICES INC,3035414,80,P,119.0,LAREDO,TX,15891 N US HIGHWAY 83,78045,,"alfredo.enriquez@tsj.com.mx,dispatch@tsj.com.mx"
DETA LOGISTICS LLC,2994337,80,P,130.0,LAREDO,TX,410 CAMBRIDGE LP,78045,9567010761.0,HECTORDEANDA@LIVE.COM
DALE MEYER TRUCKING COMPANY,161568,80,P,30.0,ODESSA,TX,2400 W HILLMONT,79764,4323663661.0,bphillips@DALEMEYERTRUCKING.COM
L&C SAFETY INC,2924335,80,P,50.0,ODESSA,TX,2524 TRUNK STREET,79761,4326530393.0,yuri.uranga@standardtx.com
BROWNSVILLE TRUCKING COMPANY INC,1987572,80,P,44.0,EAGLE LAKE,TX,1520 CALHOUN ROAD,77434,9792347218.0,BMALAER@VALLEYPRESTRESS.COM
PDW LOGISTICS LLC,4262805,80,P,80.0,EL PASO,TX,14377 WHISPER MARE CT,79938,9158085736.0,PWALKER@PDWLOGISTICS.COM
MEARS BROADBAND LLC,4146698,79,P,91.0,DRIPPING SPRINGS,TX,300 WEST MERCER ST,78620,9894879751.0,ryan.schweitzer@mears.net
JETEX FREIGHT LLC,1580734,79,P,266.0,GRAND PRAIRIE,TX,1001 W HUNTER FERRELL RD,75050,9722157079.0,accounting@jetexfreight.com
LONE STAR HAZMAT RESPONSE LLC,2951564,79,P,79.0,TYLER,TX,115 W 5TH STREET,75701,9035310000.0,michael@lonestarhazmat.com
KISATCHIE MIDNIGHT EXPRESS LLC,935760,79,P,76.0,LUFKIN,TX,5945 S US HWY 69,75901,9368245032.0,bhenry@stella-jones.com
HOPE 27 EXPRESS LLC,3024249,78,P,94.0,DALLAS,TX,8330 LYNDON B JOHNSON  FWY  SUIT  B200,75243,,hope27express@gmail.com
OK CONCRETE COMPANY,405598,78,P,82.0,WICHITA FALLS,TX,2304 SHEPPARD ACCESS ROAD,76306,,brandonl@okconcreteco.com
THURMAN TRANSPORTATION INC,909692,78,P,68.0,CLEBURNE,TX,4001 EAST HIGHWAY 67,76031,8176456172.0,rebeccam@gtithurman.com
BELCON LOGISTICS LLC,3054957,78,P,78.0,EL PASO,TX,5545 E PAISANO DR,79905,9152012237.0,BELCONLOG@GMAIL.COM
MIDCON SERVICES LLC,3109439,78,P,37.0,AMARILLO,TX,3131 BELL ST STE 203,79106,8064679600.0,brenda.nipper@midconservices.net
ZACHRY INDUSTRIAL INC,1710396,78,P,19.0,SAN ANTONIO,TX,527 LOGWOOD,78221,2105885030.0,ZHIDOT@ZACHRYGROUP.COM
GX3 LOGISTICS INC,3214549,78,P,97.0,CANUTILLO,TX,220 LOS MOCHIS DR,79835,9152228101.0,giselag@gx3logistics.com
SUN BELT TRANSPORTATION INC,238567,77,P,71.0,BROWNSVILLE,TX,8100 PADRE ISLAND HWY,78521,9568314282.0,ozielb@sunbelttrans.com
EXCARGO SERVICES INC,242877,77,P,73.0,HOUSTON,TX,2080 GENOA RED BLUFF,77034,7139217700.0,safetyusers@excargo.com
COMPASS COMPRESSION SOLUTIONS INC,2345264,77,P,37.0,HOUSTON,TX,4444 BRITTMOORE RD,77041,2818543080.0,dsebree@compssnrg.com
MARVEL TRANSPORTATION SERVICES LLC,3900270,77,P,122.0,LAREDO,TX,13522 EVOLUTION LOOP,78045,9566730050.0,julio.martinez@mvtransportationservices.com
REDHAWK COIL TUBING LLC,3744906,77,P,192.0,KILGORE,TX,3525 FM 2087 S,75662,9032354310.0,BDUCKSWORTH@REDHAWKCT.COM
TRAFFIC HIGHWAY MAINTENANCE LLC,1405184,77,P,26.0,CEDAR HILL,TX,930 KCK WAY,75104,4695230180.0,JOHN@THMTX.COM
ARCHROCK SERVICES LP,2643675,77,P,48.0,HOUSTON,TX,9807 KATY FRWY SUITE 100,77024,2818368000.0,Christina.Crenshaw@archrock.com
ULTRA CARE LOGISTICS LLC,3465466,77,P,80.0,DALLAS,TX,11300 NORTH CENTRAL EXPRESSWAY SUITE 205,75243,4694693110.0,ULTRAPRIMELOGISTICS@GMAIL.COM
WAUKESHA-PEARCE INDUSTRIES LLC,270636,77,P,70.0,HOUSTON,TX,12320 S MAIN ST,77035,7135510436.0,nathan.pierce@WPI.COM
HESSELBEIN TIRE SOUTHWEST INC,1972102,76,P,66.0,SAN ANTONIO,TX,4823 CORNER PARKWAY,78219,2106468448.0,ROBERTR@DKTIRE.COM
FLYHITRANS INC,2475858,76,P,78.0,CYPRESS,TX,14013 HUFFMEISTER RD,77429,,dispatch@flyhitrans.com
CDL TRUCK SERVICES LLC,3255174,75,O,65.0,LONGVIEW,TX,398 WILEY PAGE RD,75605-5925,9037361550.0,nwilson.dwt@gmail.com
EMPIRE ROOFING COMPANIES INC,2404922,75,O,77.0,PFLUGERVILLE,TX,16311 CENTRAL COMMERCE DRIVE,78660,5129897663.0,holly@EMPIREROOFING.COM
IRON HORSE TOOLS INC,2351324,75,O,75.0,CORPUS CHRISTI,TX,210 S CARANCAHUA STREET,78401,,k.brownmiller@ironhorsetools.com
PHILLIPS 66 PIPELINE LLC,336859,75,O,61.0,HOUSTON,TX,2331 CITYWEST BLVD,77042,8327651074.0,dorey.c.meyers@p66.com
OIL TECH CONSTRUCTION LLC,2388375,75,O,53.0,MIDLAND,TX,6802 FM 715,79706,4324441106.0,cristina@oil-techservices.com
FUELCO ENERGY LLC,2832022,75,O,59.0,HOUSTON,TX,12140 WICKCHESTER LN STE 100,77079,8322003767.0,bosteen@fuelcoenergy.com
GRT TRANSPORTATION LLC,2163666,75,O,111.0,LAREDO,TX,12120 SARA RD,78045,9567013600.0,carlos@grt-t.com
OPTIX LLC,3718765,75,O,75.0,HOUSTON,TX,1811 BERING DRIVE SUITE 400,77057,8887304950.0,Cmoore@driveoptix.com
JIT TRANSPORT LLC,2297595,75,O,57.0,LAREDO,TX,23856 MINES ROAD,78045,9562674493.0,smuchhala@gmail.com
MEGA EXPRESS INC,2269877,75,O,75.0,LAREDO,TX,401 JORDAN DR,78041,,pedrolozano@megaexpressinc.us
BULKLEY & ASSOCIATES LLC,286163,75,O,75.0,BRASHEAR,TX,5889 IH 30W,75420,9035822305.0,LAWANAH@BULKLEYTRUCKING.COM
CONTRACTOR'S BARRICADE SERVICE,2110273,74,O,74.0,EL PASO,TX,11560 PELLICANO DR,79936,9155926619.0,dgamboa@apachebarricade.com
TITAN TRANSPORTATION LP,1144400,74,O,74.0,NEW BRAUNFELS,TX,4772 FM 482,78132,2108610975.0,POLIVAREZ@AHLP.COM
RBEX INC,1162821,74,O,65.0,HOUSTON,TX,2030 HOLMES ROAD,77045,7133836200.0,MSCULLY@APPLETOWING.COM
ALGONQUIN GAS TRANSMISSION LLC,215925,74,O,28.0,HOUSTON,TX,915 N ELDRIDGE PARKWAY SUITE 1100,77079,,delma.loomis@enbridge.com
GENOX WEST TRANSPORTATION LLC,3002193,74,O,83.0,DEER PARK,TX,2900 E SAN AUGUSTINE ST,77536,2814790338.0,chris@genoxus.com
LONE STAR EQUIPMENT HAULING,4532115,73,O,4.0,STAMFORD,TX,7520 FM 142,79553,3255180210.0,KYLER.GANN@GMAIL.COM
RAHIMI LLC,4390202,73,O,4.0,SAN ANTONIO,TX,351 CONCIO ST,78227,2104257092.0,DULCE.RAHIMI@ICLOUD.COM
AVTOMEDON INC,2541251,73,O,70.0,FRISCO,TX,1389 HAZEL GREEN DRIVE,75033,2148656573.0,avtomedonllc@gmail.com
FEHRS METAL BUILDING CONSTRUCTION LP,1020622,73,O,66.0,SEMINOLE,TX,377 CR 307,79360,4327589001.0,fleet@FEHRS.COM
DUBAI TRUCK LINES INC,2910633,73,O,90.0,LAREDO,TX,689 RANCHO PENITAS RD,78045,9567546444.0,DUBAITRUCKLINES@GMAIL.COM
MINICONCRETE MATERIALS INC,2048614,73,O,41.0,EL PASO,TX,15001 HORIZON BLVD,79928,9158524468.0,shop@miniconcrete.com
THE AI FLEET INC,3443025,72,O,73.0,AUSTIN,TX,200 E 6TH STREET SUITE 300,78701,,info@aifleet.com
BODYCOTE INTERNATIONAL INC,260954,72,O,71.0,DALLAS,TX,12750 MERIT DR SUITE 1400,75251,9723109866.0,LARRY.DAVIS@BODYCOTE.COM
WYATT TRANSPORTATION L P,1144406,72,O,72.0,NEW BRAUNFELS,TX,4772 FM 482,78132,2108610975.0,polivarez@ahlp.com
COLUMBIA GULF TRANSMISSION COMPANY,115053,72,O,69.0,HOUSTON,TX,700 LOUISIANA STEET STE 700,77002,3372664661.0,ashley_boutte@tcenergy.com
FAK INTERNATIONAL DISTRIBUTION INC,2913992,72,O,96.0,LAREDO,TX,6200 SANTA MARIA AVE,78041,9567298111.0,aramirez@shipfak.com
RIOREV LOGISTICS LLC,3645895,72,O,80.0,LAREDO,TX,1312 HOUSTON ST SUITE 13,78040,7705439422.0,ameza@riorev.com
FISHER59 LLC,405634,72,O,80.0,DENTON,TX,5050 WEST UNIVERSITY DRIVE,76207,9405666717.0,john.fisher@fisher59.com
MWI VETERINARY SUPPLY CO,152631,72,O,72.0,AMARILLO,TX,8701 CENTERPORT BLVD,79108,8067316469.0,mtittle@mwiah.com
B F S SERVICES INC,465547,71,O,59.0,COPPELL,TX,500 AIRLINE DRIVE SUITE 40,75019,4696359000.0,
ARCHITECTURAL SURFACES GROUP LLC,1072158,71,O,68.0,AUSTIN,TX,401 CENTER RIDGE DR STE 100,78753,5122637625.0,matthew.berry@arcsurfaces.com
H & H OIL LP,1955166,71,O,67.0,PFLUGERVILLE,TX,20909 FM 685,78660,2818383037.0,RHONDAS@VERTEXENERGY.COM
MORGAN PORTS LLC,3739353,71,O,71.0,CLUTE,TX,871BRAZOS SPORT BLVD S,77531,9569550388.0,loads@morganports.com
DEERE'S FARM & RANCH SERVICES LLC,2543485,71,O,71.0,ATHENS,TX,25383 STATE HIGHWAY 19N,75752,9034793555.0,stacy.s@4mtrucking.com
TETRA TECHNOLOGIES INC,300251,71,O,45.0,SPRING,TX,10000 ENERGY DRIVE,77389,2813642257.0,BJOHNSON@oneTETRA.COM
MAGNETO & DIESEL INJECTOR SERVICE INC,4384743,70,O,70.0,HUMBLE,TX,7902 FM 1960 BYPASS RD W,77338,2816419044.0,OPERATIONS@MDDISTRIBUTORS.COM
RED HAWK LOGISTICS CORPORATION,3491000,70,O,100.0,COPPELL,TX,627 HAVENCREST LANE,75019-5723,6789145010.0,tbfitzgerald2@yahoo.com
TRUCK KING LLC,1862174,70,O,48.0,DENTON,TX,7833 I 35,76207,9403875500.0,STAFF@TRUCKKINGLLC.COM
SMURFIT KAPPA NORTH AMERICA LLC,60067,70,O,53.0,IRVING,TX,125 E JOHN CARPENTER FWY SUITE 1500,75062,,angel.ramirez@smurfitkappa.com
KAY POLYMER TRUCKING INC,2642359,70,O,70.0,BAYTOWN,TX,1919 SOUTH FM 565,77523,3467473378.0,clangley@kptrucking.us
TOC TRUCKING LLC,2125843,70,O,52.0,MIDLAND,TX,3903 S COUNTY RD 1195,79706,4326956856.0,SBEYER@TOCTRUCKING.COM
GATIK AI INCORPORATED,3517692,70,O,70.0,FORT WORTH,TX,2012 EAGLE PKWY,76177,6504527515.0,brenda@GATIK.AI
BIG D EQUIPMENT COMPANY LTD,421045,70,O,22.0,MIDLAND,TX,4501 EAST HIGHWAY 80,79706,4326888100.0,LESLEY.freeman@BIGDCO.COM
BAILEY BARK MATERIALS INC,886829,70,O,60.0,NACOGDOCHES,TX,3366 FM 2259,75961,9365641534.0,JENNIFER@BAILEYBARKMATERIALS.COM
VERIZON WASHINGTON DC INC,377151,70,O,175.0,IRVING,TX,700 HIDDEN RIDGE,75038,,sonya.schroeder@verizon.com
GEC TRANSPORT SOLUTIONS LLC,3127200,70,O,69.0,PHARR,TX,5201 N VETERANS BLVD,78577,9568431000.0,bcavazos3@gectransport.COM
VD INTERNATIONAL TRUCKING LLC,1943505,70,O,54.0,PHARR,TX,7500 S JACKSON RD,78577,9566623700.0,LEONARDO.VARELA@VDINTERNATIONATIONALTRUCKING.COM
NATIONAL LOGISTICS SERVICES INC,3834241,70,O,75.0,EL PASO,TX,12210 MONTWOOD DR STE 103 PMB 438,79928,9153428447.0,admin@nlsfleet.com
DRIC TRANSPORTATION LLC,2543602,70,O,70.0,SPRING,TX,139 CYPRESSWOOD DR PMB 65,77388,3463270131.0,REDGHOSTEXPRESS@GMAIL.COM
RICKMAN TRANSPORT INC,2536020,70,O,70.0,WEATHERFORD,TX,6150 N FM 51,76085,8175234171.0,JOBY@RICKMANTRANSPORT.COM
DIMARE FRESH INC,1121042,70,O,87.0,FORT WORTH,TX,4629 DIPLOMACY RD,76155,8173853000.0,jason.crowell@dimarefresh.com
COUFAL-PRATER EQUIPMENT LLC,2059915,69,O,134.0,WACO,TX,7736 CENTRAL PARK DRIVE,76712,2547320543.0,joshmorris1@UNITEDAGT.COM
HUNT LEGACY HOLDINGS LLC,3812011,69,O,100.0,ABILENE,TX,1111 FULWILER ROAD,79601,8178799345.0,ROADBOSSDELIVERY@GMAIL.COM
SOUTHWASTE DISPOSAL LLC,1012667,69,O,54.0,HOUSTON,TX,16350 PARK TEN PLACE SUITE 215,77084,8664139494.0,jcoe@wrmco.com
BURTON OIL SERVICE OPERATIONS LLC,2295241,69,O,63.0,MIDLAND,TX,13110 W CR 91,79707,8883882350.0,preston.burton@BURTONOIL.COM
ASSOCIATED SUPPLY CO INC,484975,69,O,69.0,LUBBOCK,TX,2102 E SLATON RD,79404,8067452000.0,
BISHOP LIFTING PRODUCTS INC,3091870,69,O,58.0,HOUSTON,TX,2301 COMMERCE STE 110,77002,7135121700.0,quality@LIFTING.COM
BORDER TRUCKING SERVICES INC,3463070,68,O,47.0,LAREDO,TX,14415 MINES RD,78045,9564627039.0,dispatch@synergyfreightinc.com
J LEE MILLIGAN INC,369465,68,O,22.0,AMARILLO,TX,9200 TRIANGLE DRIVE,79108,8063734386.0,ALAN@JLMINC.NET
DOUBLE DIAMOND TRANSPORT INC,1427730,68,O,68.0,SAN ANTONIO,TX,3333 SE LOOP 410,78222,2103146528.0,safety@dd-transport.com
TEXAS PRIDE FUELS LTD,1339456,68,O,89.0,SPRINGTOWN,TX,1300 EAST HIGHWAY 199,76082,8172211200.0,g.zappala@texaspridefuels.com
XPRO TRUCKING LLC,3542600,68,O,92.0,MCKINNEY,TX,1760 NORTH RIDGE ROAD APT 1119,75071,4696947929.0,info@xprotrucking.com / dispatchu@xprotrucking.co
ADA LOGISTICS CORP,2552295,68,O,73.0,SOUTHLAKE,TX,550 RESERVE STREET SUITE 190,76092,8174584188.0,paperwork@ADALOGISTICS.US
BOUCHE TRUCKING INCORPORATED,608342,68,O,33.0,EL PASO,TX,1120 HORIZON BLVD,79927,9158522324.0,gabriel@lgatrucking.com
BASELINE ENERGY SERVICES LP,2643790,67,O,67.0,FORT WORTH,TX,201 FOCH STREET,76107,8337697436.0,chigh@BASELINE-ENSERV.COm
TEX SAND TRANSPORT LLC,3020065,67,O,53.0,GRANBURY,TX,3501 OLD GRANBURY RD,76049-7446,6825001684.0,jim.hartman@texsandtransport.com
TRIANGLE WELL SERVICING CO,808322,67,O,64.0,PAMPA,TX,8549 LOOP 171,79066-1159,8066658459.0,trianglewell@sbcglobal.net
SILT TRANSPORTATION INC,2002220,67,O,96.0,EL PASO,TX,9525 PLAZA CIRCLE,79927,9157268647.0,liz.rubio@siltcorp.com
OPTIMUS TRANSLOG SERVICES LLC,2575094,67,O,61.0,LAREDO,TX,4810 WAREHOUSE LANE,78041,9567287192.0,chduque@optimusts.com
ROMCO INC,445087,67,O,114.0,CARROLLTON,TX,1519 W BELT LINE ROAD,75006,2148194100.0,jfreeman@romco.com
O & B TANK CO INC,902710,67,O,42.0,DARROUZETT,TX,512 W HWY 15,79024,8066243431.0,andrewobtank@gmail.com
STRONG SERVICES LP,653852,67,O,70.0,CARTHAGE,TX,3784 US HWY 79 SOUTH,75633,9036933966.0,lpiper@strongservicelp.com
FARZON LLC,3448067,67,O,67.0,SUGAR LAND,TX,3910 WINDMILL ST,77479,8154095842.0,farzon7733@gmail.com
WEST TEXAS HAULING LLC,4315672,67,O,8.0,MIDLAND,TX,710 N BAIRD ST,79701,4324139168.0,JANIATROTTY1010@GMAIL.COM
MSF TRANSPORT LLC,1930892,67,O,76.0,HIDALGO,TX,1040 HIGH LOWE DR,78557,,safety@msftransport.com
TEJAS COMPLETION SERVICES LLC,3552205,67,O,98.0,MIDLAND,TX,4918 E COUNTY RD 135,79706,8324210097.0,TDOSTAL@TEJASCOMPLETIONSERVICES.COM
WHOLESALE ELECTRIC SUPPLY CO,2145682,67,O,59.0,HOUSTON,TX,4040 GULF FREEWAY,77004,7134521135.0,AWilliams@wes-hou.com
TYFCO LLC,4430735,67,O,58.0,HOUSTON,TX,5151 MITCHELLDALE ST STE B2,77092-7200,7136135600.0,TMITCHELL@EVERDE.COM
TRANSCARGO GROUP LLC,3887374,66,O,64.0,LAREDO,TX,8502 SAN LORENZO DR,78045,9567749205.0,operations@transcargogroupllc.coM
CSI ACQUISITION COMPANY LLC,1677598,66,O,102.0,AMARILLO,TX,2300 S PULLMAN RD,79118,3252363843.0,tporter@mlholdings.com
RANDALL FOOD AND DRUG LP,449254,66,O,89.0,ROANOKE,TX,743 HENRIETTA CREEK RD,76262,2083954660.0,bob.butler@albertsons.com
"TFORCE DIRECT, INC.",8424988,66,O,33.0,DALLAS,TX,14881 QUORUM DR,75254-7069,2145609553.0,elijah.naylor@tforce.com
COAST 2 COAST LOGISTICS INC,3115493,66,O,66.0,ODESSA,TX,3601 S COUNTY ROAD 1295,79765,4324441801.0,nelson@coast2coastlogisticsinc.com
MG FOODS OF TEXAS,2811914,66,O,75.0,LONGVIEW,TX,2002 EAST COTTON STREET,75602,9035539433.0,NICHOLAS.FREEMAN@COMPASS-USA.COM
SHEARER SUPPLY INC,2091587,66,O,70.0,FARMERS BRANCH,TX,1750 VALLEY VIEW LN,75234,4693244001.0,channingm@SHEARERSUPPLY.COM
YELLOWHOUSE MACHINERY CO,7358,66,O,66.0,AMARILLO,TX,11500 E INTERSTATE 40,79118,8063351681.0,CLINTONP@YELLOWHOUSE.COM
HOUSLEY GROUP INC,1403615,66,O,40.0,SAN ANGELO,TX,3550 S BRYANT BLVD,76903,3259449905.0,lortegon@housleygroup.com
DIAMOND H CONSTRUCTION COMPANY,1464596,66,O,48.0,LONGVIEW,TX,8706 US HWY 259 N,75605,9036639091.0,DIAMONDHOFFICE@YAHOO.COM
WTS GROUP LLC,2990765,66,O,65.0,MINERAL WELLS,TX,501 TAYLOR RD,76067,9404525696.0,DWRIGHT@WTSGROUPLLC.COM
PROFESSIONAL TURF PRODUCTS LP,919802,66,O,46.0,EULESS,TX,1010 N INDUSTRIAL BLVD,76039,8177851900.0,calabroc@proturf.com
TRI-COAST CARRIERS LLC,1510668,66,O,60.0,HOUSTON,TX,5931 SCHURMIER RD,77048,7134518884.0,CGARZA@TRICOASTCARRIERS.COM
ZACHRY CONSTRUCTION CORPORATION,1710397,65,O,52.0,SAN ANTONIO,TX,14410 WURZBACH PARKWAY SUITE 120,78216,2108713239.0,donnie.connell@zachrycorp.com
ZTEX CONSTRUCTION INC,1698598,65,O,41.0,EL PASO,TX,1326 HENRY BRENNAN DRIVE,79936,9155916900.0,CRONQUILLO@ZTEXCONSTRUCTION.COM
RWE CLEAN ENERGY SERVICES LLC,2634867,65,O,20.0,AUSTIN,TX,1401 EAST 6TH STREET APT 400,78702,3615430677.0,rusty.bledsoe@rwe.com
KVAN TRUCKING LLC,3486094,65,O,65.0,PLANO,TX,4124 FAIR MEADOWS DRIVE,75024,8328712510.0,info@kvantrucking.com
SITEPRO RENTALS INC,3645765,65,O,51.0,LEWISVILLE,TX,700 STATE HIGHWAY 121 BYPASS #800,75067,,fleet@SITEPRORENTALS.COM
COASTAL SALTWATER SERVICES LLC,2586658,65,O,65.0,SWEENY,TX,704 N MAIN ST,77480,9795491209.0,TRAY@COASTALSWS.COM
INTERNATIONAL CROSSING FREIGHT LLC,1437188,65,O,65.0,BROWNSVILLE,TX,7750 PADRE ISLAND HWY,78521,9563508720.0,candarza@cifmex.com
ROBERTSON POOLS INC,1302051,65,O,60.0,COPPELL,TX,569A S COPPELL RD,75019,9723932152.0,mwitherow@robertsonpools.com
AWB TRANSPORT INC,2398261,65,O,85.0,KATY,TX,20927 BALMORAL GLEN LN,77449-1755,9162481008.0,loads@awbtransport.com
PDP TRUCKING INC,1570915,65,O,55.0,MIDLOTHIAN,TX,975 S HIGHWAY 67,76065-5491,,dispatch@pdptruckinginc.com & admin@pdptruckinginc
FREIGHT PRO TRANSPORT LLC,2584862,65,O,70.0,EL PASO,TX,13508 PELLICANO DR,79928,9158205927.0,donnah@freightprotransport.com
PE BEN USA INC,1503651,64,O,50.0,HOUSTON,TX,13738 FM 529,77041,8323841987.0,eric@pebenusa.com
QUANTUM CARRIER INC,2257850,64,O,67.0,LAREDO,TX,24010 MINES RD,78041,,safety@quantumcarrier.com
SOUTHERN ROOTS LOGISTICS LLC,4149222,64,O,3.0,QUEEN CITY,TX,19638 US HIGHWAY 59 N,75572,9032762244.0,chad@southernrootslogistics.com
PRESTO OILFIELD SERVICES LLC,3094856,64,O,25.0,MIDLAND,TX,3000 N GARFIELD ST STE #140,79705,4322037150.0,Carina@PRESTOOILFIELDSERVICES.COM
JOHNSON BROS CORPORATION A SOUTHLAND COMPANY,116783,64,O,18.0,GRAPEVINE,TX,1100 KUBOTA DRIVE,76051,8172934263.0,qburgess@southlandholdings.com
TRUWAY XPRESS LLC,4363436,64,O,64.0,ODESSA,TX,3130 EBEN,79766,2142225566.0,INFO@TRYWAYEXPRESS.COM
SEAHORSE TRANSPORTATION INC,58950,64,O,71.0,BROWNSVILLE,TX,3051 N INDIANA AVE,78526,9568310600.0,roberta@seahorsetransport.net
J7 TRUCKING LLC,2150093,64,O,55.0,ALVARADO,TX,5515 E HIGHWAY 67,76009,8177617077.0,JORGE.TOBIAS@J7TRUCKING.COM
BRIGHT TEXAS LLC,3539974,64,O,43.0,AUSTIN,TX,4101 SMITH SCHOOL RD BLDG 3 STE 200,78744,5128211994.0,casey@bright.com
FABBEN SPECIALIZED TRANSPORTATION LLC,3604402,64,O,104.0,LAREDO,TX,13514 EVOLUTION LP,78045,9563242212.0,RICARDO.FABELA@FABBENST.COM
UNIVERSAL DELIVERY SOLUTIONS INC,3434750,64,O,1.0,FAIRFIELD,TX,368 COUNTY ROAD 521 FAIRFIELD,75840,8324701234.0,MELONIEUDS@GMAIL.COM
BMS CAT LLC,439457,64,O,35.0,HALTOM CITY,TX,5718 AIRPORT FREEWAY,76117,8178208739.0,TSNOW@BMSCAT.COM
DALTON TRUCKING INC,1599998,64,O,75.0,INEZ,TX,934 MIDWAY ROAD SOUTH,77968,3616557096.0,obgator66@gmail.com
XTRADE INC,3433640,64,O,120.0,LAREDO,TX,10902 INTERNATIONAL BLVD UNIT 107,78045,9569623616.0,safety@xtradeinc.com
NILE EXPRESS LLC,1479667,64,O,74.0,DALLAS,TX,10601 BEKAY ST,75238,9725301817.0,loads@nilexpressllc.us
HARPERS HOT SHOT TRUCKING LLC,1958628,64,O,56.0,WICHITA FALLS,TX,1486 COX LN,76305,9402638028.0,freight@harpertrucking.com
OVERHEAD DOOR CORPORATION,253153,63,O,47.0,LEWISVILLE,TX,2501 S STATE HWY 121 BUSINESS SUITE 200,75067,4695497211.0,Tony_Ponce@overheaddoor.com
ENSTRUCTURE RICHARDSON I LLC,4035958,63,O,58.0,GALENA PARK,TX,2333 CLINTON DR,77547,7815913635.0,Reginald.ross@Enstructure.com
AMIGOS MEAT DISTRIBUTORS LP,776063,63,O,47.0,HOUSTON,TX,611 CROSSTIMBERS,77022,7133771189.0,a.dejesus@amigosmeat.com
SPM OIL AND GAS INC,3935934,63,O,130.0,FORT WORTH,TX,601 HERBERT DRIVE,76108-2508,8172666178.0,Amanda.Doughty@spmoilandgas.com
TOTAL SAFETY US INC,1261898,63,O,36.0,PASADENA,TX,4210 MALONE DRIVE,77507,2818672386.0,CVelasco@totalsafety.com
ENERTECH RESOURCES LLC,2203523,63,O,63.0,NEW BRAUNFELS,TX,1820 WATSON LANE EAST,78130,8303874502.0,JUSTIN.RICHARDS@ONTIVITY.COM
ON-SITE CONCRETE SOLUTIONS LLC,3744019,63,O,35.0,KEMAH,TX,2106 LAWRENCE RD,77565,,hr@onsiteconcretesolutions.com
CARSON SERVICES LLC,3132046,63,O,65.0,CUERO,TX,2706 N US HWY 183,77954,3612100192.0,jkuecker@carsonservicesllc.com
FLATLAND TRUCKING INC,637051,63,O,27.0,HOUSTON,TX,15423 VANTAGE PKWY EAST,77032,2818441921.0,jbrooks@stellaenv.com
J & H TRUCKING LLC,2437534,63,O,16.0,HAMILTON,TX,484 FM 2905,76531,,sarah@oandbfarms.com
SQUARE COW MOOVERS LLC,1748594,62,O,84.0,CEDAR PARK,TX,2500 BRUSHY CREEK LOOP,78613,5124016683.0,wayne@SQUARECOWMOOVERS.COM
CRUX HAVEN OPCO LLC,4497890,62,O,10.0,DALLAS,TX,5430 LBJ FREEWAY SUITE 325,75240,7134663300.0,EWAGNER@VERIDIANSERVICEPARTNERS.COM
OCH LLC,4495709,62,O,1.0,WALLER,TX,17624 DERBY DR,77484,3464525222.0,alexis@onecallhaul.net
BUNDY & SONS TRUCKING LLC,606420,62,O,34.0,CHANDLER,TX,137 CEDAR LN,75758,9033726386.0,vaughnp77@aol.com
PANAMERICAN FREIGHTS LLC,2877273,62,O,60.0,EL PASO,TX,869 SILENT VIEW PL,79928,9159292910.0,ADMIN@PANFREIGHTS.COM
FLEETMASTERS LLC,2555375,62,O,115.0,GARLAND,TX,1919 S SHILOH RD SUITE 220,75042,4693997090.0,dispatch@fleetmastersllc.net
CUATE TRUCKING LLC,1812986,62,O,53.0,MILES,TX,100 N ROBINSON ST,76861,3254680263.0,cuatetrucking@yahoo.com
TEXA LLC,3065967,62,O,53.0,KERMIT,TX,556 E HWY 302,79745,4322999866.0,alexo@tex-a.com
LIME MEDIA GROUP INC,1939534,62,O,64.0,ROCKWALL,TX,2700 OBSERVATION TRAIL,75032,9724751200.0,KLINT@lime-media.com
TEXAS STRESS INC,2327059,62,O,64.0,LA PORTE,TX,1304 UNDERWOOD,77571,2819300897.0,jessica@texasstress.com
BAYTEX TRANSPORT LLC,2519125,61,O,61.0,CHANNELVIEW,TX,16115 AVENUE C,77530,,ap@baytexgroup.com
DCP OPERATING COMPANY LP,559611,61,O,53.0,HOUSTON,TX,2331 CITYWEST BLVD,77042,8327651074.0,DOREY.C.MEYERS@P66.COM
KC GLOBAL LOGISTICS LLC,1558565,61,O,61.0,HOUSTON,TX,7931 JOHN RALSTON RD,77044,2814596900.0,ADMIN@KCGLOBAL-LOGISTICS.COM
SAL-TRANS EXPRESS INC,3191276,61,O,65.0,LAREDO,TX,5615 E SAUNDERS,78041,9565167173.0,EDUARDO@SAL-TRANSLOGISTICS.COM
LYKES CARTAGE COMPANY LLC,751462,61,O,55.0,ROUND ROCK,TX,590 GREENHILL DRIVE,78665,5129339060.0,swhitworth@lykescartage.com
QUELL PETROLEUM SERVICES INC,561268,61,O,67.0,MONAHANS,TX,700 N LOOP 464,79756,4329438400.0,SFLOY@MONAHANSNIPPLEUP.COM
PRADO & ASSOCIATES LLC,4305146,61,O,1.0,EL PASO,TX,8210 CARPENTER DR APT 33,79907,9152763938.0,CLARAPRADO0865@GMAIL.COM
LISANTI FOODSERVICE OF TEXAS INC,1494513,61,O,53.0,FLOWER MOUND,TX,2010 LAKESIDE PKWY SUITE 100,75028,9729298810.0,ewilliams@lisantifoodserviceoftexas.com
NAEGELI TRANSPORTATION INC,310270,61,O,61.0,HOUSTON,TX,7201 EASTHAVEN BLVD,77017,7139464000.0,ellenn@ntiemail.net
FKS INTERNATIONAL LLC,4382572,61,O,4.0,KATY,TX,473 AMBERWOOD PARK DR,77493,2815064777.0,ADMIN@FKSINTERNATIONAL.COM
EXPRESS TRANSPORTATION LOGISTICS LLC,3648575,61,O,65.0,ODESSA,TX,5456 W AVOCADO ST,79766,4326319797.0,
WINDSTAR TRUCKING LLC,2126272,61,O,75.0,EL PASO,TX,303 N OREGON SUITE 1020,79901,9155334750.0,silvia.romero@WINDSTARLPG.COM
K4 PORTAGE EXPRESS LLC,4304065,61,O,4.0,DALLAS,TX,8613 OLD HICKORY TRL APT 3201,75237,2142696480.0,KEYHICKS24@GMAIL.COM
ANG NATION WIDE TRANSPORT,4251409,61,O,4.0,MCALLEN,TX,2617 GUMWOOD AVE,78501,9568553359.0,USHIP082090@GMAIL.COM
DEANDA TRANSPORT LLC,2956928,61,O,35.0,AMARILLO,TX,3100 E HASTINGS AVE,79108,8062203708.0,DEANDATRANSPORT@HOTMAIL.COM
JJ TAMEZ LLC,3104238,61,O,40.0,CORPUS CHRISTI,TX,1901 N CLARKWOOD RD SUITE 10,78409,3618865400.0,INFO@JJTAMEZ.COM
SMART OILFIELD SERVICES LLC,923251,61,O,40.0,LIBERTY,TX,2251 MIZELL RD,77575,,smartosinc@msn.com
DXP ENTERPRISES INC,1246673,60,O,30.0,HOUSTON,TX,5301 HOLLISTER ST,77040,7139964773.0,lynette.martin@dxpe.com
MIDWEST MARKETING INC,367772,60,O,50.0,ABILENE,TX,4841 HILL STREET,79602,3256763355.0,bml@bmloil.com
WWL EXPRESS INC,2863772,60,O,76.0,LAREDO,TX,407 INTERAMERICA BLVD,78045,9565682059.0,"REGONZALEZ@GONDILOGISTICS.COM, SAFETY@WWLEXPRESS.COM"
MBC ENERGY SERVICES INC,2042783,60,O,73.0,MIDLAND,TX,3807 SFM 715,79706,4326867640.0,S.SANCHEZ@LONGSTARTRUCKING.COM
PNW INTERMODAL LLC,2557329,60,O,60.0,SAN ANTONIO,TX,2714 N LOOP 1604 E STE #202,78232,7264371135.0,ZJACOB@PHOENIX-MGT.COM
QUALITY HOT MIX TRUCKING INC,1780344,60,O,32.0,EL CAMPO,TX,1805 N BLUE CREEK RD,77437,9795434400.0,VICKIE@QUALITYHOTMIX.COM
ENVENT CORPORATION,1446156,60,O,146.0,LA PORTE,TX,1310 UNDERWOOD RD,77571,2817512900.0,Tom.KERSCHER@ENVENT.NET
ANR PIPELINE COMPANY,223894,60,O,42.0,HOUSTON,TX,700 LOUISIANA STREET STE 700,77002,3372802976.0,ashley_boutte@TCENERGY.COM
IRON WHEEL ENERGY SERVICES LLC,3476160,60,O,59.0,MIDLAND,TX,5113 SOUTH CR 1232,79706,4125080690.0,BEN@IRONWHEEL-ES.COM
VISTA RIDGE CONCRETE PUMPING LLC,4317631,60,O,47.0,LEWISVILLE,TX,597 E PURNELL RD,75057-4108,9723160148.0,BRYANG@VRCPINC.COM
HUBBARD EXPRESS AIR FREIGHT & DELIVERY LLC,2103564,60,O,62.0,CHANDLER,TX,153 VZ CR 4804,75758,9038527303.0,blake@HUBBARDEXP.COM
HERITAGE DEDICATED SERVICES INC,809214,60,O,45.0,WACO,TX,3220 GHOLSON RD,76705,2544122003.0,LROOKS@HDS1.COM
M TRANSPORT OF NC INC,3532386,60,O,60.0,HOUSTON,TX,2036 WIRT RD,77055,7042287777.0,mtransportofnc@gmail.com
RED DIAMOND ENERGY SERVICES INC,2108938,60,O,55.0,ABILENE,TX,4725 LOOP 322,79602,3256900053.0,KHIGHT@BYRDOILFIELD.COM
ROCKET SECURE CARGO LLC,3522523,60,O,60.0,LAREDO,TX,3018 SUNDANCE LOOP,78045,9566456074.0,ROCKETSECURECARGO@GMAIL.COM
CORE TRUCKING COMPANY OF TEXAS LLC,714426,60,O,60.0,LA PORTE,TX,1200 MCCABE RD,77571,2814707575.0,ryan.bellew@coreoftx.com
ALM TRANSPORTATION & TRUCKING INC,3500318,60,O,60.0,ALLEN,TX,1313 LOMBARDY WAY,75002,7735434254.0,asqarhasanov1414@gmail.com
WHEEL KING USA LLC,3031871,60,O,60.0,LAREDO,TX,13905 MERCURY DR,78045,9056361711.0,info@wheelkingusallc.com
TUM LOGISTICS CARRIER DIVISION INC,1419307,60,O,103.0,LAREDO,TX,7100 SANTA MARIA AVE,78041,9562423998.0,southbound@tumlogistics.com
DUN TRANSPORTATION AND STRINGING INC,82788,60,O,30.0,SHERMAN,TX,304 REYNOLDS LN,75092,9038919660.0,TYLER@DUNTRANS.COM
COMMON DISPOSAL LLC,1838979,60,O,59.0,CHIRENO,TX,21570 EAST STATE HWY 21,75937,,richardericmalone@gmail.com
LONE STAR INSTRUMENTATION & ELECTRIC CORPORATION,2385006,60,O,50.0,ODESSA,TX,2222 WEST 42ND STREET,79764,4323687827.0,fleetservices@lonestarcorporation.com
ONPOINT DELIVERY LLC,3249455,60,O,60.0,FRISCO,TX,5061 KIOWA DR,75034,9723334767.0,ONPOINTDELIVERY2019@GMAIL.COM
TCI CASING SPECIALTIES LLC,2561219,60,O,101.0,MIDLAND,TX,11216 W COUNTY ROAD 72,79707-4401,4327411890.0,t.thames@casingspecialties.com
T & TJ TRUCKING LLC,4433729,60,O,4.0,BELTON,TX,38 WILLOW RUN DR,76513,7314330750.0,TANDTJTRUCKING@GMAIL.COM
LIBERTY LINKS INC,2961999,60,O,72.0,MIDLOTHIAN,TX,808 CROCKETT ST,76065,5592740577.0,SALES@LIBERTYLINKSINC.COM
FRONTIER SUPPORT CARRIER LLC,3212328,60,O,53.0,HILLSBORO,TX,145 HCR 3100,76645,2143020818.0,rcook@frontiersl.com
VAMA TRANSPORT INC,2465621,60,O,60.0,LAREDO,TX,220 ORIOLE LN,78045,9567869424.0,vamatransportinc@gmail.com
WTB LLC,795383,59,O,16.0,ODESSA,TX,1300 OIDC DR,79766,4323661026.0,nevaeh.coursey@westtexasboring.com
APACHE INDUSTRIAL SERVICES INC,2009977,59,O,149.0,HOUSTON,TX,250 ASSAY ST SUITE 500,77044,7134509307.0,AMENDOZA22@apacheip.com
EAGLE RIVER ENERGY SERVICES LLC,2883614,59,O,59.0,FRISCO,TX,5532 TRAVIS DRIVE,75034,8663883737.0,LEAH@EREFREIGHT.COM
KMM TELECOMMUNICATIONS,3025346,59,O,80.0,LEWISVILLE,TX,1900 LAKEWAY DR STE 100,75057,3157964400.0,d.wyman@kmmcorp.net
BEST EXPRESS TRANSPORTATION LLC,2152122,59,O,80.0,EL PASO,TX,1741 CHERRINGTON ST,79928,9158527500.0,dispatch@bESTEXPRESSTRANS.COM
SANTA BARBARA FREIGHT CORP,2194435,59,O,47.0,CARROLLTON,TX,1215 W CROSBY RD STE 160,75006,8058743050.0,dave@sbftransport.com
EXPAND COMPLETION SERVICES LLC,4288318,59,O,16.0,SPRING,TX,10000 ENERGY DR,77389,8327967935.0,erika.kronenberger@expandenergy.com
RAGAR TRANSPORTATION LTD,1304344,59,O,68.0,LAREDO,TX,827 NAFTA BLVD UNIT B,78045,9567274602.0,SAFETY@ragar.com
OPRONA INC,1128233,59,O,116.0,HOUSTON,TX,14120 INTERDRIVE EAST,77032,2814428282.0,DG-hou-fleet@rosen-group.com
BEAR ENERGY SERVICES LLC,3311868,59,O,40.0,BARSTOW,TX,582 COUNTY RD 145,79719,4324488858.0,d.phillips@bearenergyservicesllc.com
EXPRO MIDSTREAM SERVICES LLC,3073380,58,O,34.0,HOUSTON,TX,1311 BROADFIELD BLVD STE 400,77084,7134639776.0,tamara.smith@expro.com
TEJAS HOT SHOT SERVICE & TRANSPORTATION LLC,2385357,58,O,58.0,ODESSA,TX,2396 E PEARL ST,79761,4326645575.0,REBECCA@TEJASHOTSHOT.COM
EURO UNITED LLC,2483906,58,O,53.0,FORT WORTH,TX,3301 EAST LOOP 820 SOUTH,76119,8174840268.0,CAROLINE@EUROUNITED.NET
GRAVITY POWER & RENTAL LLC,1297462,58,O,57.0,SNYDER,TX,1912 KINGS HWY,79549,3255731310.0,jamie.jenkins@gvty.com
FALCA TRUCKING LLC,2934002,58,O,70.0,HIDALGO,TX,1001 N 2ND ST,78557,9565407740.0,fco_aldape@hotmail.com
RTI SERVICES LLC,2886831,58,O,23.0,ANDREWS,TX,1006 WEST BROADWAY,79714,4324252795.0,RTISERVICES@YAHOO.COM
PRO-VISION TRUCKING LLC,2280268,58,O,61.0,GRAPEVINE,TX,1701 WEST NORTHWEST HWY ST 181,76051,9724158697.0,PROVISIONTRUCKINGLLC@YAHOO.COm
AG-POWER INC,1202775,58,O,28.0,MCKINNEY,TX,6940 MEDITERRANEAN DR,75072,9724399300.0,bdaniel@ag-power.com
CURTIS & SON HEAVY HAUL LLC,3665804,58,O,90.0,LIBERTY,TX,4408 N MAIN ST,77575-3586,9363341188.0,cshh@curtisandsonco.com
SOAR LOGISTICS LLC,3642608,58,O,29.0,AUSTIN,TX,5900 BALCONES DR STE 28851,78731,3136132959.0,soarlogistics313@icloud.com
DYNA-MIST IRRIGATION CO,1806939,58,O,58.0,WYLIE,TX,2808 CAPITAL ST,75098,9725090156.0,KELLY@DYNA-MIST.COM
DELIVERY SERVICE ENTERPRISES INC,710428,58,O,58.0,VENUS,TX,2928 CHAMBERS ST #100,76084,8008404311.0,DAVIDLATVATALO@DSECORP.net
GONZALEZ TRUCK LINES LLC,3364718,58,O,60.0,BROWNSVILLE,TX,3751 E 14TH ST STE 103,78521,9566215604.0,JESSICA@JGEXPRESS.COM.MX
915 HAULER INC,1643659,58,O,38.0,EL PASO,TX,3701 N ZARAGOZA,79938,9152417286.0,915HAULER@GMAIL.COM
BLACKRIDGE OPERATING LLC,3077708,57,O,42.0,ROCKWALL,TX,311 NATIONAL DR,75032,2143939088.0,SAFETY@BLACKRIDGETX.ORG
COLLIER MATERIALS INC,1935788,57,O,48.0,MARBLE FALLS,TX,201 CO RD 121,78654,8306932228.0,KBS@COLLIERMATERIALS.COM
CATALYST HANDLING RESOURCES LLC,1602976,57,O,16.0,HOUSTON,TX,4803 CRIPPLE CREEK DR,77017-5935,2815380529.0,emorton@catalysthandling.com
W-W TRANSPORT SERVICES LLC,4179380,57,O,47.0,HOUSTON,TX,15402 VANTAGE PKWY E STE 322,77032,2818695660.0,BILL@OLLAWOOD.COM
1924 TRUCKING LLC,4182621,57,O,26.0,FLORENCE,TX,1117 SPRING CREEK RD,76527,2542311338.0,M_PARRISH1@LIVE.COM
RSM EXPRESS LLC,3306991,57,O,60.0,DALLAS,TX,9304 FOREST LN,75243-6238,4693677997.0,hadish@rsmxpressllc.com
DALLAS TRUCKING LLC,2638632,57,O,55.0,GRAPEVINE,TX,747 PORT AMERICA PLACE SUITE 400,76051,2142446846.0,admindt@dallas-trucking.com
TOPWATER ENERGY SOLUTIONS LLC,3640688,57,O,18.0,BAYTOWN,TX,707 MEMORIAL DR,77520,2818375924.0,dsmith@precisesafety.com
ROYAL OILFIELD SERVICES LLC,2173559,57,O,49.0,ODESSA,TX,2670 CHARWAY,79766,9158770319.0,ROYSANCHEZ@RSREGAL.COM
E & A WELDING & OILFIELD SERVICE INC,1251855,57,O,40.0,ODESSA,TX,6999 EAST HWY 80,79762,4323370777.0,EBAIZASR@EAwos.COM
PG SPECIALIZED CARRIERS LLC,2519832,57,O,60.0,LAREDO,TX,402 LOGISTIC SUITE A 1,78045,,safetypgspecialized@palosgarza.com
DELIVERY SERVICE ENTERPRISES INC,7962506,57,O,56.0,VENUS,TX,2928 CHAMBERS ST,76084-4039,8008404311.0,davidlatvatalo@dsecorp.net
ROYALTY E-LINE SERVICES LLC,2897148,57,O,78.0,CARRIZO SPRINGS,TX,9224 HWY 277,78834,8306943142.0,KALMENDAREZ@ROYALTYELINE.COM
SETI BUSINESS GROUP LLC,3454493,57,O,60.0,DALLAS,TX,6061 VILLAGE BEND DR #1003,75206,3476880002.0,SETILLC2020@GMAIL.COM
ARSH BROTHERS INC,3370643,57,O,54.0,DALLAS,TX,4700 IRVING BLVD SUITE 200A,75247,2145199991.0,SAFETY@ARSHBROTHERSINC.COM
COX LOGISTICS LLC,1954872,57,O,48.0,LONE STAR,TX,2294 FARM MARKET ROAD 250,75668,9036560677.0,james.zdonczyk@coxlogisticsllc.com
RAAF LOGISTICS LLC,3131930,57,O,100.0,LAREDO,TX,8412 AMPARAN RD,78045,9567744001.0,rodolfo@raaflogistics.com
BEE-LINE TRANSPORTATION INC,598623,57,O,57.0,HOUSTON,TX,8805 FAIRBANKS N HOUSTON RD,77064,2818975697.0,PATRICKM@BEELINEIT.COM
TIERRA LEASE SERVICE LLC,1471812,57,O,46.0,KENEDY,TX,311 S SUNSET STRIP,78119,8305833717.0,ghorne@tierraleaseservice.com
OSCAR RENDA CONTRACTING INC,1421955,56,O,13.0,GRAPEVINE,TX,1100 KUBOTA DRIVE,76051,8172934263.0,qburgess@southlandholdings.com
MAX E GREENSLADE,1890065,56,O,28.0,CLEBURNE,TX,1229 CR 700,76031,8174873527.0,BANDBG@YAHOO.COM
E P EXPEDITED TRANSPORT LLC,2379200,56,O,45.0,LAREDO,TX,16464 US HWY 83 N,78045,9563372126.0,OPERATIONS@epEXPEDITED.COM
TEGA TRANSPORT LLC,3223654,56,O,47.0,STAFFORD,TX,13833 STAFFORD POINT DR,77477,2819698019.0,JHONNATANROLDAN@ADRMGMT.COM
A&R TRANSPORTATION LLC,3213879,56,O,62.0,EL PASO,TX,2332 TIERRA FABIAN PL,79938,,arredondotrucking27@gmail.com
VERIZON SERVICES CORP,274919,56,O,130.0,IRVING,TX,700 HIDDEN RIDGE MC HQW0BH50,75038,9724575716.0,sonya.schroeder@verizon.com
BRAVE SERVICES INC,3112456,56,O,76.0,ANDREWS,TX,1465 US HIGHWAY 385,79714-6725,4323554001.0,FCOUCH@BRAVESERVICESINC.COM
IGA INTERNATIONAL FREIGHT LINE INC,2944050,56,O,80.0,LAREDO,TX,269 SULFUR MINE RD,78045,9567257303.0,IGAINTERNATIONAL17@GMAIL.COM
NATION'S BEST HOLDINGS LLC,3686127,56,O,52.0,DALLAS,TX,5151 BELTLINE RD SUITE 250,75254,9038803581.0,DGROOM@NATIONSBEST.NET
MULLEN-TELLES INC,527011,56,O,56.0,EL PASO,TX,12290 ROJAS DRIVE,79936,9158595767.0,JESUS@MTIREADYMIX.COM
CONTINENTAL TANK LINES LLC,2536922,56,O,56.0,BROWNSVILLE,TX,4855 MAR ST,78521,9564083145.0,SAFETY@CTLINES.NET
WACO TOWING LLC,2827052,56,O,21.0,WACO,TX,5524 SOUTH UNIVERSITY PARKS,76706,2547538404.0,WACOTOW@YAHOO.COM
A H BECK FOUNDATION CO INC,975907,56,O,31.0,CONVERSE,TX,9014 GREEN ROAD,78109,2103425261.0,
INTERSTATE RESTORATION LLC,1221339,56,O,220.0,FORT WORTH,TX,3401 QUORUM DR SUITE 300,76137,6825608398.0,Barbara.lester@firstonsite.com
